========================================
Sync started : 2026-03-28 10:41:49
Destination  : 20252643@hpc.tue.nl:~/RulE
Mode         : DRY-RUN
========================================
/Users/
/Users/elnararb/
/Users/elnararb/Documents/
/Users/elnararb/Documents/TUe/
/Users/elnararb/Documents/TUe/Thesis/
/Users/elnararb/Documents/TUe/Thesis/RulE/
/Users/elnararb/Documents/TUe/Thesis/RulE/config/
/Users/elnararb/Documents/TUe/Thesis/RulE/config/family_config.json
/Users/elnararb/Documents/TUe/Thesis/RulE/data/
/Users/elnararb/Documents/TUe/Thesis/RulE/data/family/
/Users/elnararb/Documents/TUe/Thesis/RulE/data/family/entities.dict
              0   0%   00:00:00 (xfer#1, to-check=96/120)
/Users/elnararb/Documents/TUe/Thesis/RulE/data/family/mined_rules.txt
              0   0%   00:00:00 (xfer#2, to-check=97/120)
/Users/elnararb/Documents/TUe/Thesis/RulE/data/family/relations.dict
              0   0%   00:00:00 (xfer#3, to-check=98/120)
/Users/elnararb/Documents/TUe/Thesis/RulE/data/family/test.txt
              0   0%   00:00:00 (xfer#4, to-check=99/120)
/Users/elnararb/Documents/TUe/Thesis/RulE/data/family/train.txt
              0   0%   00:00:00 (xfer#5, to-check=100/120)
/Users/elnararb/Documents/TUe/Thesis/RulE/data/family/valid.txt
              0   0%   00:00:00 (xfer#6, to-check=101/120)
/Users/elnararb/Documents/TUe/Thesis/RulE/src/
/Users/elnararb/Documents/TUe/Thesis/RulE/src/data.py
              0   0%   00:00:00 (xfer#7, to-check=114/120)
/Users/elnararb/Documents/TUe/Thesis/RulE/src/layers.py
              0   0%   00:00:00 (xfer#8, to-check=115/120)
/Users/elnararb/Documents/TUe/Thesis/RulE/src/main.py
              0   0%   00:00:00 (xfer#9, to-check=116/120)
/Users/elnararb/Documents/TUe/Thesis/RulE/src/model.py
              0   0%   00:00:00 (xfer#10, to-check=117/120)
/Users/elnararb/Documents/TUe/Thesis/RulE/src/trainer.py
              0   0%   00:00:00 (xfer#11, to-check=118/120)
/Users/elnararb/Documents/TUe/Thesis/RulE/src/utils.py
              0   0%   00:00:00 (xfer#12, to-check=119/120)
cd+++++++ /Users/
cd+++++++ /Users/elnararb/
cd+++++++ /Users/elnararb/Documents/
cd+++++++ /Users/elnararb/Documents/TUe/
cd+++++++ /Users/elnararb/Documents/TUe/Thesis/
cd+++++++ /Users/elnararb/Documents/TUe/Thesis/RulE/
cd+++++++ /Users/elnararb/Documents/TUe/Thesis/RulE/config/
<f+++++++ /Users/elnararb/Documents/TUe/Thesis/RulE/config/family_config.json
cd+++++++ /Users/elnararb/Documents/TUe/Thesis/RulE/data/
cd+++++++ /Users/elnararb/Documents/TUe/Thesis/RulE/data/family/
<f+++++++ /Users/elnararb/Documents/TUe/Thesis/RulE/data/family/entities.dict
<f+++++++ /Users/elnararb/Documents/TUe/Thesis/RulE/data/family/mined_rules.txt
<f+++++++ /Users/elnararb/Documents/TUe/Thesis/RulE/data/family/relations.dict
<f+++++++ /Users/elnararb/Documents/TUe/Thesis/RulE/data/family/test.txt
<f+++++++ /Users/elnararb/Documents/TUe/Thesis/RulE/data/family/train.txt
<f+++++++ /Users/elnararb/Documents/TUe/Thesis/RulE/data/family/valid.txt
cd+++++++ /Users/elnararb/Documents/TUe/Thesis/RulE/src/
<f+++++++ /Users/elnararb/Documents/TUe/Thesis/RulE/src/data.py
<f+++++++ /Users/elnararb/Documents/TUe/Thesis/RulE/src/layers.py
<f+++++++ /Users/elnararb/Documents/TUe/Thesis/RulE/src/main.py
<f+++++++ /Users/elnararb/Documents/TUe/Thesis/RulE/src/model.py
<f+++++++ /Users/elnararb/Documents/TUe/Thesis/RulE/src/trainer.py
<f+++++++ /Users/elnararb/Documents/TUe/Thesis/RulE/src/utils.py
Number of files: 120
Number of files transferred: 13
Total file size: 583 kB
Total transferred file size: 583 kB
Unmatched data: 0 B
Matched data: 0 B
File list size: 6778 B
File list generation time: 0.003 seconds
File list transfer time: 0.008 seconds
Total sent: 6932 B
Total received: 158 B

sent 6932 bytes  received 158 bytes  168k bytes/sec
total size is 583k  speedup is 82.24
Number of files: 120
Number of files transferred: 13
Total file size: 583 kB
Total transferred file size: 583 kB
Unmatched data: 0 B
Matched data: 0 B
File list size: 6778 B
File list generation time: 0.003 seconds
File list transfer time: 0.008 seconds
Total sent: 6932 B
Total received: 158 B

sent 6932 bytes  received 158 bytes  168k bytes/sec
total size is 583k  speedup is 82.24
========================================
Result       : Dry-run completed successfully
Sync ended   : 2026-03-28 10:41:56
========================================

========================================
Sync started : 2026-03-28 10:53:25
Destination  : 20252643@hpc.tue.nl:~/RulE
Mode         : LIVE
========================================

--- Syncing to 20252643@hpc.tue.nl:~/RulE/src/ ---
data.py
          25035 100%   12.03MB/s   00:00:00 (xfer#1, to-check=0/6)
layers.py
           5825 100%   10.25MB/s   00:00:00 (xfer#2, to-check=1/6)
main.py
           7238 100%   17.75MB/s   00:00:00 (xfer#3, to-check=2/6)
model.py
          25473 100%   19.66MB/s   00:00:00 (xfer#4, to-check=3/6)
trainer.py
          27901 100%   20.99MB/s   00:00:00 (xfer#5, to-check=4/6)
utils.py
           2593 100%    8.30MB/s   00:00:00 (xfer#6, to-check=5/6)
<f+++++++ data.py
<f+++++++ layers.py
<f+++++++ main.py
<f+++++++ model.py
<f+++++++ trainer.py
<f+++++++ utils.py
Number of files: 6
Number of files transferred: 6
Total file size: 94065 B
Total transferred file size: 94065 B
Unmatched data: 94065 B
Matched data: 0 B
File list size: 235 B
File list generation time: 0.001 seconds
File list transfer time: 0.003 seconds
Total sent: 19993 B
Total received: 152 B

sent 19993 bytes  received 152 bytes  268k bytes/sec
total size is 94065  speedup is 4.67
Number of files: 6
Number of files transferred: 6
Total file size: 94065 B
Total transferred file size: 94065 B
Unmatched data: 94065 B
Matched data: 0 B
File list size: 235 B
File list generation time: 0.001 seconds
File list transfer time: 0.003 seconds
Total sent: 19993 B
Total received: 152 B

sent 19993 bytes  received 152 bytes  268k bytes/sec
total size is 94065  speedup is 4.67

--- Syncing to 20252643@hpc.tue.nl:~/RulE/data/family/ ---
./
entities.dict
          27856 100%    6.25MB/s   00:00:00 (xfer#1, to-check=1/7)
mined_rules.txt
          24642 100%    6.37MB/s   00:00:00 (xfer#2, to-check=2/7)
relations.dict
            105 100%  357.51KB/s   00:00:00 (xfer#3, to-check=3/7)
test.txt
          43632 100%   13.86MB/s   00:00:00 (xfer#4, to-check=4/7)
train.txt
         360526 100%   22.09MB/s   00:00:00 (xfer#5, to-check=5/7)
valid.txt
          31310 100%   25.96MB/s   00:00:00 (xfer#6, to-check=6/7)
cd+++++++ ./
<f+++++++ entities.dict
<f+++++++ mined_rules.txt
<f+++++++ relations.dict
<f+++++++ test.txt
<f+++++++ train.txt
<f+++++++ valid.txt
Number of files: 7
Number of files transferred: 6
Total file size: 488 kB
Total transferred file size: 488 kB
Unmatched data: 488 kB
Matched data: 0 B
File list size: 280 B
File list generation time: 0.002 seconds
File list transfer time: 0.002 seconds
Total sent: 147 kB
Total received: 158 B

sent 147k bytes  received 158 bytes  1438k bytes/sec
total size is 488k  speedup is 3.32
Number of files: 7
Number of files transferred: 6
Total file size: 488 kB
Total transferred file size: 488 kB
Unmatched data: 488 kB
Matched data: 0 B
File list size: 280 B
File list generation time: 0.002 seconds
File list transfer time: 0.002 seconds
Total sent: 147 kB
Total received: 158 B

sent 147k bytes  received 158 bytes  1438k bytes/sec
total size is 488k  speedup is 3.32

--- Syncing to 20252643@hpc.tue.nl:~/RulE/config/ ---
family_config.json
            943 100%    1.01MB/s   00:00:00 (xfer#1, to-check=0/1)
<f+++++++ family_config.json
Number of files: 1
Number of files transferred: 1
Total file size: 943 B
Total transferred file size: 943 B
Unmatched data: 943 B
Matched data: 0 B
File list size: 79 B
File list generation time: 0.001 seconds
File list transfer time: 0.002 seconds
Total sent: 523 B
Total received: 42 B

sent 523 bytes  received 42 bytes  15650 bytes/sec
total size is 943  speedup is 1.67
Number of files: 1
Number of files transferred: 1
Total file size: 943 B
Total transferred file size: 943 B
Unmatched data: 943 B
Matched data: 0 B
File list size: 79 B
File list generation time: 0.001 seconds
File list transfer time: 0.002 seconds
Total sent: 523 B
Total received: 42 B

sent 523 bytes  received 42 bytes  15650 bytes/sec
total size is 943  speedup is 1.67

========================================
Result       : Transfer completed successfully
Sync ended   : 2026-03-28 10:54:22
========================================

========================================
Sync started : 2026-04-02 12:50:25
Destination  : 20252643@hpc.tue.nl:~/RulE
Mode         : LIVE
========================================

--- Syncing to 20252643@hpc.tue.nl:~/RulE/src/ ---
Permission denied, please try again.
run_comparison.py
           8450 100%    5.94MB/s   00:00:00 (xfer#1, to-check=4/7)
<f+++++++ run_comparison.py
Number of files: 7
Number of files transferred: 1
Total file size: 103 kB
Total transferred file size: 8450 B
Unmatched data: 8450 B
Matched data: 0 B
File list size: 277 B
File list generation time: 0.005 seconds
File list transfer time: 0.008 seconds
Total sent: 2742 B
Total received: 42 B

sent 2742 bytes  received 42 bytes  30899 bytes/sec
total size is 103k  speedup is 36.82
Number of files: 7
Number of files transferred: 1
Total file size: 103 kB
Total transferred file size: 8450 B
Unmatched data: 8450 B
Matched data: 0 B
File list size: 277 B
File list generation time: 0.005 seconds
File list transfer time: 0.008 seconds
Total sent: 2742 B
Total received: 42 B

sent 2742 bytes  received 42 bytes  30899 bytes/sec
total size is 103k  speedup is 36.82

--- Syncing to 20252643@hpc.tue.nl:~/RulE/RulE_original/src/ ---
rsync(8101): error: unexpected end of file
rsync(8101): error: unexpected end of file

--- Syncing to 20252643@hpc.tue.nl:~/RulE/data/family/ ---
Connection closed by 131.155.7.108 port 22
rsync(8112): error: unexpected end of file
rsync(8112): error: unexpected end of file

--- Syncing to 20252643@hpc.tue.nl:~/RulE/config/ ---
========================================
Sync started : 2026-04-02 12:53:58
Destination  : 20252643@hpc.tue.nl:~/RulE
Mode         : LIVE
========================================

--- Syncing to 20252643@hpc.tue.nl:~/RulE/src/ ---
Number of files: 7
Number of files transferred: 0
Total file size: 103 kB
Total transferred file size: 0 B
Unmatched data: 0 B
Matched data: 0 B
File list size: 277 B
File list generation time: 0.003 seconds
File list transfer time: 0.004 seconds
Total sent: 293 B
Total received: 20 B

sent 293 bytes  received 20 bytes  4529 bytes/sec
total size is 103k  speedup is 327.52
Number of files: 7
Number of files transferred: 0
Total file size: 103 kB
Total transferred file size: 0 B
Unmatched data: 0 B
Matched data: 0 B
File list size: 277 B
File list generation time: 0.003 seconds
File list transfer time: 0.004 seconds
Total sent: 293 B
Total received: 20 B

sent 293 bytes  received 20 bytes  4529 bytes/sec
total size is 103k  speedup is 327.52

--- Syncing to 20252643@hpc.tue.nl:~/RulE/RulE_original/src/ ---
./
data.py
          21831 100%    7.35MB/s   00:00:00 (xfer#1, to-check=1/13)
layers.py
           3012 100%    5.26MB/s   00:00:00 (xfer#2, to-check=2/13)
main.py
           7401 100%   11.53MB/s   00:00:00 (xfer#3, to-check=3/13)
model.py
          15568 100%   16.02MB/s   00:00:00 (xfer#4, to-check=4/13)
trainer.py
          27697 100%   20.78MB/s   00:00:00 (xfer#5, to-check=5/13)
utils.py
           2593 100%    6.03MB/s   00:00:00 (xfer#6, to-check=6/13)
__pycache__/
__pycache__/data.cpython-39.pyc
          19118 100%   12.14MB/s   00:00:00 (xfer#7, to-check=8/13)
__pycache__/layers.cpython-39.pyc
           2290 100%    3.90MB/s   00:00:00 (xfer#8, to-check=9/13)
__pycache__/model.cpython-39.pyc
           8250 100%    8.39MB/s   00:00:00 (xfer#9, to-check=10/13)
__pycache__/trainer.cpython-39.pyc
          14945 100%   11.93MB/s   00:00:00 (xfer#10, to-check=11/13)
__pycache__/utils.cpython-39.pyc
           2572 100%    5.55MB/s   00:00:00 (xfer#11, to-check=12/13)
.d..t.... ./
<f+++++++ data.py
<f+++++++ layers.py
<f+++++++ main.py
<f+++++++ model.py
<f+++++++ trainer.py
<f+++++++ utils.py
cd+++++++ __pycache__/
<f+++++++ __pycache__/data.cpython-39.pyc
<f+++++++ __pycache__/layers.cpython-39.pyc
<f+++++++ __pycache__/model.cpython-39.pyc
<f+++++++ __pycache__/trainer.cpython-39.pyc
<f+++++++ __pycache__/utils.cpython-39.pyc
Number of files: 13
Number of files transferred: 11
Total file size: 125 kB
Total transferred file size: 125 kB
Unmatched data: 125 kB
Matched data: 0 B
File list size: 584 B
File list generation time: 0.004 seconds
File list transfer time: 0.005 seconds
Total sent: 36905 B
Total received: 274 B

sent 36905 bytes  received 274 bytes  201k bytes/sec
total size is 125k  speedup is 3.37
Number of files: 13
Number of files transferred: 11
Total file size: 125 kB
Total transferred file size: 125 kB
Unmatched data: 125 kB
Matched data: 0 B
File list size: 584 B
File list generation time: 0.004 seconds
File list transfer time: 0.005 seconds
Total sent: 36905 B
Total received: 274 B

sent 36905 bytes  received 274 bytes  201k bytes/sec
total size is 125k  speedup is 3.37

--- Syncing to 20252643@hpc.tue.nl:~/RulE/data/family/ ---
Number of files: 7
Number of files transferred: 0
Total file size: 488 kB
Total transferred file size: 0 B
Unmatched data: 0 B
Matched data: 0 B
File list size: 280 B
File list generation time: 0.003 seconds
File list transfer time: 0.004 seconds
Total sent: 296 B
Total received: 20 B

sent 296 bytes  received 20 bytes  4709 bytes/sec
total size is 488k  speedup is 1544.52
Number of files: 7
Number of files transferred: 0
Total file size: 488 kB
Total transferred file size: 0 B
Unmatched data: 0 B
Matched data: 0 B
File list size: 280 B
File list generation time: 0.003 seconds
File list transfer time: 0.004 seconds
Total sent: 296 B
Total received: 20 B

sent 296 bytes  received 20 bytes  4709 bytes/sec
total size is 488k  speedup is 1544.52

--- Syncing to 20252643@hpc.tue.nl:~/RulE/config/ ---
Number of files: 1
Number of files transferred: 0
Total file size: 943 B
Total transferred file size: 0 B
Unmatched data: 0 B
Matched data: 0 B
File list size: 79 B
File list generation time: 0.003 seconds
File list transfer time: 0.004 seconds
Total sent: 95 B
Total received: 20 B

sent 95 bytes  received 20 bytes  1913 bytes/sec
total size is 943  speedup is 8.20
Number of files: 1
Number of files transferred: 0
Total file size: 943 B
Total transferred file size: 0 B
Unmatched data: 0 B
Matched data: 0 B
File list size: 79 B
File list generation time: 0.003 seconds
File list transfer time: 0.004 seconds
Total sent: 95 B
Total received: 20 B

sent 95 bytes  received 20 bytes  1913 bytes/sec
total size is 943  speedup is 8.20

--- Syncing to 20252643@hpc.tue.nl:~/ ---
========================================
Sync started : 2026-04-02 12:57:13
Destination  : 20252643@hpc.tue.nl:~/RulE
Mode         : LIVE
========================================

--- Syncing to 20252643@hpc.tue.nl:~/RulE/src/ ---
Number of files: 7
Number of files transferred: 0
Total file size: 103 kB
Total transferred file size: 0 B
Unmatched data: 0 B
Matched data: 0 B
File list size: 277 B
File list generation time: 0.003 seconds
File list transfer time: 0.004 seconds
Total sent: 293 B
Total received: 20 B

sent 293 bytes  received 20 bytes  4465 bytes/sec
total size is 103k  speedup is 327.52
Number of files: 7
Number of files transferred: 0
Total file size: 103 kB
Total transferred file size: 0 B
Unmatched data: 0 B
Matched data: 0 B
File list size: 277 B
File list generation time: 0.003 seconds
File list transfer time: 0.004 seconds
Total sent: 293 B
Total received: 20 B

sent 293 bytes  received 20 bytes  4465 bytes/sec
total size is 103k  speedup is 327.52

--- Syncing to 20252643@hpc.tue.nl:~/RulE/RulE_original/src/ ---
Number of files: 13
Number of files transferred: 0
Total file size: 125 kB
Total transferred file size: 0 B
Unmatched data: 0 B
Matched data: 0 B
File list size: 584 B
File list generation time: 0.003 seconds
File list transfer time: 0.005 seconds
Total sent: 600 B
Total received: 20 B

sent 600 bytes  received 20 bytes  9104 bytes/sec
total size is 125k  speedup is 202.06
Number of files: 13
Number of files transferred: 0
Total file size: 125 kB
Total transferred file size: 0 B
Unmatched data: 0 B
Matched data: 0 B
File list size: 584 B
File list generation time: 0.003 seconds
File list transfer time: 0.005 seconds
Total sent: 600 B
Total received: 20 B

sent 600 bytes  received 20 bytes  9104 bytes/sec
total size is 125k  speedup is 202.06

--- Syncing to 20252643@hpc.tue.nl:~/RulE/data/family/ ---
Number of files: 7
Number of files transferred: 0
Total file size: 488 kB
Total transferred file size: 0 B
Unmatched data: 0 B
Matched data: 0 B
File list size: 280 B
File list generation time: 0.003 seconds
File list transfer time: 0.005 seconds
Total sent: 296 B
Total received: 20 B

sent 296 bytes  received 20 bytes  4854 bytes/sec
total size is 488k  speedup is 1544.52
Number of files: 7
Number of files transferred: 0
Total file size: 488 kB
Total transferred file size: 0 B
Unmatched data: 0 B
Matched data: 0 B
File list size: 280 B
File list generation time: 0.003 seconds
File list transfer time: 0.005 seconds
Total sent: 296 B
Total received: 20 B

sent 296 bytes  received 20 bytes  4854 bytes/sec
total size is 488k  speedup is 1544.52

--- Syncing to 20252643@hpc.tue.nl:~/RulE/config/ ---
family_comparison_hpc.json
            970 100%  743.47KB/s   00:00:00 (xfer#1, to-check=0/2)
<f+++++++ family_comparison_hpc.json
Number of files: 2
Number of files transferred: 1
Total file size: 1913 B
Total transferred file size: 970 B
Unmatched data: 970 B
Matched data: 0 B
File list size: 130 B
File list generation time: 0.003 seconds
File list transfer time: 0.003 seconds
Total sent: 592 B
Total received: 42 B

sent 592 bytes  received 42 bytes  7722 bytes/sec
total size is 1913  speedup is 3.02
Number of files: 2
Number of files transferred: 1
Total file size: 1913 B
Total transferred file size: 970 B
Unmatched data: 970 B
Matched data: 0 B
File list size: 130 B
File list generation time: 0.003 seconds
File list transfer time: 0.003 seconds
Total sent: 592 B
Total received: 42 B

sent 592 bytes  received 42 bytes  7722 bytes/sec
total size is 1913  speedup is 3.02

--- Syncing to 20252643@hpc.tue.nl:~/ ---
rule_comparison_gpu.slurm
           1737 100%    1.29MB/s   00:00:00 (xfer#1, to-check=0/1)
<f+++++++ rule_comparison_gpu.slurm
Number of files: 1
Number of files transferred: 1
Total file size: 1737 B
Total transferred file size: 1737 B
Unmatched data: 1737 B
Matched data: 0 B
File list size: 86 B
File list generation time: 0.003 seconds
File list transfer time: 0.003 seconds
Total sent: 818 B
Total received: 42 B

sent 818 bytes  received 42 bytes  10475 bytes/sec
total size is 1737  speedup is 2.02
Number of files: 1
Number of files transferred: 1
Total file size: 1737 B
Total transferred file size: 1737 B
Unmatched data: 1737 B
Matched data: 0 B
File list size: 86 B
File list generation time: 0.003 seconds
File list transfer time: 0.003 seconds
Total sent: 818 B
Total received: 42 B

sent 818 bytes  received 42 bytes  10475 bytes/sec
total size is 1737  speedup is 2.02

========================================
Result       : Transfer completed successfully
Sync ended   : 2026-04-02 12:57:14
========================================

========================================
Sync started : 2026-04-02 13:25:21
Destination  : 20252643@hpc.tue.nl:~/RulE
Mode         : LIVE
========================================

--- Syncing to 20252643@hpc.tue.nl:~/RulE/src/ ---
Number of files: 7
Number of files transferred: 0
Total file size: 103 kB
Total transferred file size: 0 B
Unmatched data: 0 B
Matched data: 0 B
File list size: 277 B
File list generation time: 0.003 seconds
File list transfer time: 0.004 seconds
Total sent: 293 B
Total received: 20 B

sent 293 bytes  received 20 bytes  5207 bytes/sec
total size is 103k  speedup is 327.52
Number of files: 7
Number of files transferred: 0
Total file size: 103 kB
Total transferred file size: 0 B
Unmatched data: 0 B
Matched data: 0 B
File list size: 277 B
File list generation time: 0.003 seconds
File list transfer time: 0.004 seconds
Total sent: 293 B
Total received: 20 B

sent 293 bytes  received 20 bytes  5207 bytes/sec
total size is 103k  speedup is 327.52

--- Syncing to 20252643@hpc.tue.nl:~/RulE/RulE_original/src/ ---
Number of files: 13
Number of files transferred: 0
Total file size: 125 kB
Total transferred file size: 0 B
Unmatched data: 0 B
Matched data: 0 B
File list size: 584 B
File list generation time: 0.005 seconds
File list transfer time: 0.004 seconds
Total sent: 600 B
Total received: 20 B

sent 600 bytes  received 20 bytes  9825 bytes/sec
total size is 125k  speedup is 202.06
Number of files: 13
Number of files transferred: 0
Total file size: 125 kB
Total transferred file size: 0 B
Unmatched data: 0 B
Matched data: 0 B
File list size: 584 B
File list generation time: 0.005 seconds
File list transfer time: 0.004 seconds
Total sent: 600 B
Total received: 20 B

sent 600 bytes  received 20 bytes  9825 bytes/sec
total size is 125k  speedup is 202.06

--- Syncing to 20252643@hpc.tue.nl:~/RulE/data/family/ ---
Number of files: 7
Number of files transferred: 0
Total file size: 488 kB
Total transferred file size: 0 B
Unmatched data: 0 B
Matched data: 0 B
File list size: 280 B
File list generation time: 0.003 seconds
File list transfer time: 0.004 seconds
Total sent: 296 B
Total received: 20 B

sent 296 bytes  received 20 bytes  2698 bytes/sec
total size is 488k  speedup is 1544.52
Number of files: 7
Number of files transferred: 0
Total file size: 488 kB
Total transferred file size: 0 B
Unmatched data: 0 B
Matched data: 0 B
File list size: 280 B
File list generation time: 0.003 seconds
File list transfer time: 0.004 seconds
Total sent: 296 B
Total received: 20 B

sent 296 bytes  received 20 bytes  2698 bytes/sec
total size is 488k  speedup is 1544.52

--- Syncing to 20252643@hpc.tue.nl:~/RulE/config/ ---
Number of files: 2
Number of files transferred: 0
Total file size: 1913 B
Total transferred file size: 0 B
Unmatched data: 0 B
Matched data: 0 B
File list size: 130 B
File list generation time: 0.003 seconds
File list transfer time: 0.004 seconds
Total sent: 146 B
Total received: 20 B

sent 146 bytes  received 20 bytes  3126 bytes/sec
total size is 1913  speedup is 11.52
Number of files: 2
Number of files transferred: 0
Total file size: 1913 B
Total transferred file size: 0 B
Unmatched data: 0 B
Matched data: 0 B
File list size: 130 B
File list generation time: 0.003 seconds
File list transfer time: 0.004 seconds
Total sent: 146 B
Total received: 20 B

sent 146 bytes  received 20 bytes  3126 bytes/sec
total size is 1913  speedup is 11.52

--- Syncing to 20252643@hpc.tue.nl:~/ ---
rule_comparison_gpu.slurm
           1743 100%    2.78MB/s   00:00:00 (xfer#1, to-check=0/1)
<f.st.... rule_comparison_gpu.slurm
Number of files: 1
Number of files transferred: 1
Total file size: 1743 B
Total transferred file size: 1743 B
Unmatched data: 706 B
Matched data: 1037 B
File list size: 86 B
File list generation time: 0.003 seconds
File list transfer time: 0.004 seconds
Total sent: 408 B
Total received: 60 B

sent 408 bytes  received 60 bytes  5194 bytes/sec
total size is 1743  speedup is 3.72
Number of files: 1
Number of files transferred: 1
Total file size: 1743 B
Total transferred file size: 1743 B
Unmatched data: 706 B
Matched data: 1037 B
File list size: 86 B
File list generation time: 0.003 seconds
File list transfer time: 0.004 seconds
Total sent: 408 B
Total received: 60 B

sent 408 bytes  received 60 bytes  5194 bytes/sec
total size is 1743  speedup is 3.72

========================================
Result       : Transfer completed successfully
Sync ended   : 2026-04-02 13:25:22
========================================

========================================
Sync started : 2026-04-02 13:33:38
Destination  : 20252643@hpc.tue.nl:~/RulE
Mode         : LIVE
========================================

--- Syncing to 20252643@hpc.tue.nl:~/RulE/src/ ---
Number of files: 7
Number of files transferred: 0
Total file size: 103 kB
Total transferred file size: 0 B
Unmatched data: 0 B
Matched data: 0 B
File list size: 277 B
File list generation time: 0.003 seconds
File list transfer time: 0.004 seconds
Total sent: 293 B
Total received: 20 B

sent 293 bytes  received 20 bytes  4664 bytes/sec
total size is 103k  speedup is 327.52
Number of files: 7
Number of files transferred: 0
Total file size: 103 kB
Total transferred file size: 0 B
Unmatched data: 0 B
Matched data: 0 B
File list size: 277 B
File list generation time: 0.003 seconds
File list transfer time: 0.004 seconds
Total sent: 293 B
Total received: 20 B

sent 293 bytes  received 20 bytes  4664 bytes/sec
total size is 103k  speedup is 327.52

--- Syncing to 20252643@hpc.tue.nl:~/RulE/RulE_original/src/ ---
Number of files: 13
Number of files transferred: 0
Total file size: 125 kB
Total transferred file size: 0 B
Unmatched data: 0 B
Matched data: 0 B
File list size: 584 B
File list generation time: 0.003 seconds
File list transfer time: 0.005 seconds
Total sent: 600 B
Total received: 20 B

sent 600 bytes  received 20 bytes  9983 bytes/sec
total size is 125k  speedup is 202.06
Number of files: 13
Number of files transferred: 0
Total file size: 125 kB
Total transferred file size: 0 B
Unmatched data: 0 B
Matched data: 0 B
File list size: 584 B
File list generation time: 0.003 seconds
File list transfer time: 0.005 seconds
Total sent: 600 B
Total received: 20 B

sent 600 bytes  received 20 bytes  9983 bytes/sec
total size is 125k  speedup is 202.06

--- Syncing to 20252643@hpc.tue.nl:~/RulE/data/family/ ---
Number of files: 7
Number of files transferred: 0
Total file size: 488 kB
Total transferred file size: 0 B
Unmatched data: 0 B
Matched data: 0 B
File list size: 280 B
File list generation time: 0.003 seconds
File list transfer time: 0.004 seconds
Total sent: 296 B
Total received: 20 B

sent 296 bytes  received 20 bytes  5088 bytes/sec
total size is 488k  speedup is 1544.52
Number of files: 7
Number of files transferred: 0
Total file size: 488 kB
Total transferred file size: 0 B
Unmatched data: 0 B
Matched data: 0 B
File list size: 280 B
File list generation time: 0.003 seconds
File list transfer time: 0.004 seconds
Total sent: 296 B
Total received: 20 B

sent 296 bytes  received 20 bytes  5088 bytes/sec
total size is 488k  speedup is 1544.52

--- Syncing to 20252643@hpc.tue.nl:~/RulE/config/ ---
Number of files: 2
Number of files transferred: 0
Total file size: 1913 B
Total transferred file size: 0 B
Unmatched data: 0 B
Matched data: 0 B
File list size: 130 B
File list generation time: 0.003 seconds
File list transfer time: 0.003 seconds
Total sent: 146 B
Total received: 20 B

sent 146 bytes  received 20 bytes  2511 bytes/sec
total size is 1913  speedup is 11.52
Number of files: 2
Number of files transferred: 0
Total file size: 1913 B
Total transferred file size: 0 B
Unmatched data: 0 B
Matched data: 0 B
File list size: 130 B
File list generation time: 0.003 seconds
File list transfer time: 0.003 seconds
Total sent: 146 B
Total received: 20 B

sent 146 bytes  received 20 bytes  2511 bytes/sec
total size is 1913  speedup is 11.52

--- Syncing to 20252643@hpc.tue.nl:~/ ---
rule_comparison_gpu.slurm
           1767 100%    3.66MB/s   00:00:00 (xfer#1, to-check=0/1)
<f.st.... rule_comparison_gpu.slurm
Number of files: 1
Number of files transferred: 1
Total file size: 1767 B
Total transferred file size: 1767 B
Unmatched data: 724 B
Matched data: 1043 B
File list size: 86 B
File list generation time: 0.003 seconds
File list transfer time: 0.004 seconds
Total sent: 417 B
Total received: 60 B

sent 417 bytes  received 60 bytes  6107 bytes/sec
total size is 1767  speedup is 3.70
Number of files: 1
Number of files transferred: 1
Total file size: 1767 B
Total transferred file size: 1767 B
Unmatched data: 724 B
Matched data: 1043 B
File list size: 86 B
File list generation time: 0.003 seconds
File list transfer time: 0.004 seconds
Total sent: 417 B
Total received: 60 B

sent 417 bytes  received 60 bytes  6107 bytes/sec
total size is 1767  speedup is 3.70

========================================
Result       : Transfer completed successfully
Sync ended   : 2026-04-02 13:33:39
========================================

========================================
Sync started : 2026-04-02 18:37:09
Destination  : 20252643@hpc.tue.nl:~/RulE
Mode         : LIVE
========================================

--- Syncing to 20252643@hpc.tue.nl:~/RulE/src/ ---
Number of files: 7
Number of files transferred: 0
Total file size: 103 kB
Total transferred file size: 0 B
Unmatched data: 0 B
Matched data: 0 B
File list size: 277 B
File list generation time: 0.004 seconds
File list transfer time: 0.003 seconds
Total sent: 293 B
Total received: 20 B

sent 293 bytes  received 20 bytes  4113 bytes/sec
total size is 103k  speedup is 327.52
Number of files: 7
Number of files transferred: 0
Total file size: 103 kB
Total transferred file size: 0 B
Unmatched data: 0 B
Matched data: 0 B
File list size: 277 B
File list generation time: 0.004 seconds
File list transfer time: 0.003 seconds
Total sent: 293 B
Total received: 20 B

sent 293 bytes  received 20 bytes  4113 bytes/sec
total size is 103k  speedup is 327.52

--- Syncing to 20252643@hpc.tue.nl:~/RulE/RulE_original/src/ ---
Number of files: 13
Number of files transferred: 0
Total file size: 125 kB
Total transferred file size: 0 B
Unmatched data: 0 B
Matched data: 0 B
File list size: 584 B
File list generation time: 0.004 seconds
File list transfer time: 0.004 seconds
Total sent: 600 B
Total received: 20 B

sent 600 bytes  received 20 bytes  9239 bytes/sec
total size is 125k  speedup is 202.06
Number of files: 13
Number of files transferred: 0
Total file size: 125 kB
Total transferred file size: 0 B
Unmatched data: 0 B
Matched data: 0 B
File list size: 584 B
File list generation time: 0.004 seconds
File list transfer time: 0.004 seconds
Total sent: 600 B
Total received: 20 B

sent 600 bytes  received 20 bytes  9239 bytes/sec
total size is 125k  speedup is 202.06

--- Syncing to 20252643@hpc.tue.nl:~/RulE/data/family/ ---
Number of files: 7
Number of files transferred: 0
Total file size: 488 kB
Total transferred file size: 0 B
Unmatched data: 0 B
Matched data: 0 B
File list size: 280 B
File list generation time: 0.004 seconds
File list transfer time: 0.004 seconds
Total sent: 296 B
Total received: 20 B

sent 296 bytes  received 20 bytes  4640 bytes/sec
total size is 488k  speedup is 1544.52
Number of files: 7
Number of files transferred: 0
Total file size: 488 kB
Total transferred file size: 0 B
Unmatched data: 0 B
Matched data: 0 B
File list size: 280 B
File list generation time: 0.004 seconds
File list transfer time: 0.004 seconds
Total sent: 296 B
Total received: 20 B

sent 296 bytes  received 20 bytes  4640 bytes/sec
total size is 488k  speedup is 1544.52

--- Syncing to 20252643@hpc.tue.nl:~/RulE/config/ ---
Number of files: 2
Number of files transferred: 0
Total file size: 1913 B
Total transferred file size: 0 B
Unmatched data: 0 B
Matched data: 0 B
File list size: 130 B
File list generation time: 0.002 seconds
File list transfer time: 0.003 seconds
Total sent: 146 B
Total received: 20 B

sent 146 bytes  received 20 bytes  2907 bytes/sec
total size is 1913  speedup is 11.52
Number of files: 2
Number of files transferred: 0
Total file size: 1913 B
Total transferred file size: 0 B
Unmatched data: 0 B
Matched data: 0 B
File list size: 130 B
File list generation time: 0.002 seconds
File list transfer time: 0.003 seconds
Total sent: 146 B
Total received: 20 B

sent 146 bytes  received 20 bytes  2907 bytes/sec
total size is 1913  speedup is 11.52

--- Syncing to 20252643@hpc.tue.nl:~/ ---
rule_comparison_gpu.slurm
           2193 100%    2.20MB/s   00:00:00 (xfer#1, to-check=0/2)
setup_env_hpc.sh
           4591 100%    3.48MB/s   00:00:00 (xfer#2, to-check=1/2)
<f.st.... rule_comparison_gpu.slurm
<f+++++++ setup_env_hpc.sh
Number of files: 2
Number of files transferred: 2
Total file size: 6784 B
Total transferred file size: 6784 B
Unmatched data: 6417 B
Matched data: 367 B
File list size: 127 B
File list generation time: 0.002 seconds
File list transfer time: 0.003 seconds
Total sent: 2481 B
Total received: 82 B

sent 2481 bytes  received 82 bytes  26950 bytes/sec
total size is 6784  speedup is 2.65
Number of files: 2
Number of files transferred: 2
Total file size: 6784 B
Total transferred file size: 6784 B
Unmatched data: 6417 B
Matched data: 367 B
File list size: 127 B
File list generation time: 0.002 seconds
File list transfer time: 0.003 seconds
Total sent: 2481 B
Total received: 82 B

sent 2481 bytes  received 82 bytes  26950 bytes/sec
total size is 6784  speedup is 2.65

========================================
Result       : Transfer completed successfully
Sync ended   : 2026-04-02 18:37:11
========================================

========================================
Sync started : 2026-04-02 18:44:16
Destination  : 20252643@hpc.tue.nl:~/RulE
Mode         : LIVE
========================================

--- Syncing to 20252643@hpc.tue.nl:~/RulE/src/ ---
Number of files: 7
Number of files transferred: 0
Total file size: 103 kB
Total transferred file size: 0 B
Unmatched data: 0 B
Matched data: 0 B
File list size: 277 B
File list generation time: 0.003 seconds
File list transfer time: 0.004 seconds
Total sent: 293 B
Total received: 20 B

sent 293 bytes  received 20 bytes  4735 bytes/sec
total size is 103k  speedup is 327.52
Number of files: 7
Number of files transferred: 0
Total file size: 103 kB
Total transferred file size: 0 B
Unmatched data: 0 B
Matched data: 0 B
File list size: 277 B
File list generation time: 0.003 seconds
File list transfer time: 0.004 seconds
Total sent: 293 B
Total received: 20 B

sent 293 bytes  received 20 bytes  4735 bytes/sec
total size is 103k  speedup is 327.52

--- Syncing to 20252643@hpc.tue.nl:~/RulE/RulE_original/src/ ---
Number of files: 13
Number of files transferred: 0
Total file size: 125 kB
Total transferred file size: 0 B
Unmatched data: 0 B
Matched data: 0 B
File list size: 584 B
File list generation time: 0.005 seconds
File list transfer time: 0.004 seconds
Total sent: 600 B
Total received: 20 B

sent 600 bytes  received 20 bytes  10316 bytes/sec
total size is 125k  speedup is 202.06
Number of files: 13
Number of files transferred: 0
Total file size: 125 kB
Total transferred file size: 0 B
Unmatched data: 0 B
Matched data: 0 B
File list size: 584 B
File list generation time: 0.005 seconds
File list transfer time: 0.004 seconds
Total sent: 600 B
Total received: 20 B

sent 600 bytes  received 20 bytes  10316 bytes/sec
total size is 125k  speedup is 202.06

--- Syncing to 20252643@hpc.tue.nl:~/RulE/data/family/ ---
Number of files: 7
Number of files transferred: 0
Total file size: 488 kB
Total transferred file size: 0 B
Unmatched data: 0 B
Matched data: 0 B
File list size: 280 B
File list generation time: 0.004 seconds
File list transfer time: 0.003 seconds
Total sent: 296 B
Total received: 20 B

sent 296 bytes  received 20 bytes  5534 bytes/sec
total size is 488k  speedup is 1544.52
Number of files: 7
Number of files transferred: 0
Total file size: 488 kB
Total transferred file size: 0 B
Unmatched data: 0 B
Matched data: 0 B
File list size: 280 B
File list generation time: 0.004 seconds
File list transfer time: 0.003 seconds
Total sent: 296 B
Total received: 20 B

sent 296 bytes  received 20 bytes  5534 bytes/sec
total size is 488k  speedup is 1544.52

--- Syncing to 20252643@hpc.tue.nl:~/RulE/config/ ---
Number of files: 2
Number of files transferred: 0
Total file size: 1913 B
Total transferred file size: 0 B
Unmatched data: 0 B
Matched data: 0 B
File list size: 130 B
File list generation time: 0.002 seconds
File list transfer time: 0.003 seconds
Total sent: 146 B
Total received: 20 B

sent 146 bytes  received 20 bytes  2907 bytes/sec
total size is 1913  speedup is 11.52
Number of files: 2
Number of files transferred: 0
Total file size: 1913 B
Total transferred file size: 0 B
Unmatched data: 0 B
Matched data: 0 B
File list size: 130 B
File list generation time: 0.002 seconds
File list transfer time: 0.003 seconds
Total sent: 146 B
Total received: 20 B

sent 146 bytes  received 20 bytes  2907 bytes/sec
total size is 1913  speedup is 11.52

--- Syncing to 20252643@hpc.tue.nl:~/ ---
rule_comparison_gpu.slurm
           2059 100%    3.84MB/s   00:00:00 (xfer#1, to-check=0/2)
<f.st.... rule_comparison_gpu.slurm
Number of files: 2
Number of files transferred: 1
Total file size: 6650 B
Total transferred file size: 2059 B
Unmatched data: 566 B
Matched data: 1493 B
File list size: 127 B
File list generation time: 0.002 seconds
File list transfer time: 0.003 seconds
Total sent: 497 B
Total received: 66 B

sent 497 bytes  received 66 bytes  7208 bytes/sec
total size is 6650  speedup is 11.81
Number of files: 2
Number of files transferred: 1
Total file size: 6650 B
Total transferred file size: 2059 B
Unmatched data: 566 B
Matched data: 1493 B
File list size: 127 B
File list generation time: 0.002 seconds
File list transfer time: 0.003 seconds
Total sent: 497 B
Total received: 66 B

sent 497 bytes  received 66 bytes  7208 bytes/sec
total size is 6650  speedup is 11.81

========================================
Result       : Transfer completed successfully
Sync ended   : 2026-04-02 18:44:17
========================================

========================================
Sync started : 2026-04-02 18:55:09
Destination  : 20252643@hpc.tue.nl:~/RulE
Mode         : LIVE
========================================

--- Syncing to 20252643@hpc.tue.nl:~/RulE/src/ ---
Number of files: 7
Number of files transferred: 0
Total file size: 103 kB
Total transferred file size: 0 B
Unmatched data: 0 B
Matched data: 0 B
File list size: 277 B
File list generation time: 0.003 seconds
File list transfer time: 0.005 seconds
Total sent: 293 B
Total received: 20 B

sent 293 bytes  received 20 bytes  4402 bytes/sec
total size is 103k  speedup is 327.52
Number of files: 7
Number of files transferred: 0
Total file size: 103 kB
Total transferred file size: 0 B
Unmatched data: 0 B
Matched data: 0 B
File list size: 277 B
File list generation time: 0.003 seconds
File list transfer time: 0.005 seconds
Total sent: 293 B
Total received: 20 B

sent 293 bytes  received 20 bytes  4402 bytes/sec
total size is 103k  speedup is 327.52

--- Syncing to 20252643@hpc.tue.nl:~/RulE/RulE_original/src/ ---
Number of files: 13
Number of files transferred: 0
Total file size: 125 kB
Total transferred file size: 0 B
Unmatched data: 0 B
Matched data: 0 B
File list size: 584 B
File list generation time: 0.004 seconds
File list transfer time: 0.004 seconds
Total sent: 600 B
Total received: 20 B

sent 600 bytes  received 20 bytes  7460 bytes/sec
total size is 125k  speedup is 202.06
Number of files: 13
Number of files transferred: 0
Total file size: 125 kB
Total transferred file size: 0 B
Unmatched data: 0 B
Matched data: 0 B
File list size: 584 B
File list generation time: 0.004 seconds
File list transfer time: 0.004 seconds
Total sent: 600 B
Total received: 20 B

sent 600 bytes  received 20 bytes  7460 bytes/sec
total size is 125k  speedup is 202.06

--- Syncing to 20252643@hpc.tue.nl:~/RulE/data/family/ ---
Number of files: 7
Number of files transferred: 0
Total file size: 488 kB
Total transferred file size: 0 B
Unmatched data: 0 B
Matched data: 0 B
File list size: 280 B
File list generation time: 0.003 seconds
File list transfer time: 0.004 seconds
Total sent: 296 B
Total received: 20 B

sent 296 bytes  received 20 bytes  4382 bytes/sec
total size is 488k  speedup is 1544.52
Number of files: 7
Number of files transferred: 0
Total file size: 488 kB
Total transferred file size: 0 B
Unmatched data: 0 B
Matched data: 0 B
File list size: 280 B
File list generation time: 0.003 seconds
File list transfer time: 0.004 seconds
Total sent: 296 B
Total received: 20 B

sent 296 bytes  received 20 bytes  4382 bytes/sec
total size is 488k  speedup is 1544.52

--- Syncing to 20252643@hpc.tue.nl:~/RulE/config/ ---
Number of files: 2
Number of files transferred: 0
Total file size: 1913 B
Total transferred file size: 0 B
Unmatched data: 0 B
Matched data: 0 B
File list size: 130 B
File list generation time: 0.002 seconds
File list transfer time: 0.003 seconds
Total sent: 146 B
Total received: 20 B

sent 146 bytes  received 20 bytes  3012 bytes/sec
total size is 1913  speedup is 11.52
Number of files: 2
Number of files transferred: 0
Total file size: 1913 B
Total transferred file size: 0 B
Unmatched data: 0 B
Matched data: 0 B
File list size: 130 B
File list generation time: 0.002 seconds
File list transfer time: 0.003 seconds
Total sent: 146 B
Total received: 20 B

sent 146 bytes  received 20 bytes  3012 bytes/sec
total size is 1913  speedup is 11.52

--- Syncing to 20252643@hpc.tue.nl:~/ ---
rule_comparison_gpu.slurm
           2052 100%    3.21MB/s   00:00:00 (xfer#1, to-check=0/2)
setup_env_hpc.sh
           4718 100%    3.82MB/s   00:00:00 (xfer#2, to-check=1/2)
<f.st.... rule_comparison_gpu.slurm
<f.st.... setup_env_hpc.sh
Number of files: 2
Number of files transferred: 2
Total file size: 6770 B
Total transferred file size: 6770 B
Unmatched data: 2220 B
Matched data: 4550 B
File list size: 127 B
File list generation time: 0.002 seconds
File list transfer time: 0.003 seconds
Total sent: 1170 B
Total received: 124 B

sent 1170 bytes  received 124 bytes  11441 bytes/sec
total size is 6770  speedup is 5.23
Number of files: 2
Number of files transferred: 2
Total file size: 6770 B
Total transferred file size: 6770 B
Unmatched data: 2220 B
Matched data: 4550 B
File list size: 127 B
File list generation time: 0.002 seconds
File list transfer time: 0.003 seconds
Total sent: 1170 B
Total received: 124 B

sent 1170 bytes  received 124 bytes  11441 bytes/sec
total size is 6770  speedup is 5.23

========================================
Result       : Transfer completed successfully
Sync ended   : 2026-04-02 18:55:11
========================================

========================================
Sync started : 2026-04-02 18:59:27
Destination  : 20252643@hpc.tue.nl:~/RulE
Mode         : LIVE
========================================

--- Syncing to 20252643@hpc.tue.nl:~/RulE/src/ ---
Number of files: 7
Number of files transferred: 0
Total file size: 103 kB
Total transferred file size: 0 B
Unmatched data: 0 B
Matched data: 0 B
File list size: 277 B
File list generation time: 0.003 seconds
File list transfer time: 0.004 seconds
Total sent: 293 B
Total received: 20 B

sent 293 bytes  received 20 bytes  4807 bytes/sec
total size is 103k  speedup is 327.52
Number of files: 7
Number of files transferred: 0
Total file size: 103 kB
Total transferred file size: 0 B
Unmatched data: 0 B
Matched data: 0 B
File list size: 277 B
File list generation time: 0.003 seconds
File list transfer time: 0.004 seconds
Total sent: 293 B
Total received: 20 B

sent 293 bytes  received 20 bytes  4807 bytes/sec
total size is 103k  speedup is 327.52

--- Syncing to 20252643@hpc.tue.nl:~/RulE/RulE_original/src/ ---
Number of files: 13
Number of files transferred: 0
Total file size: 125 kB
Total transferred file size: 0 B
Unmatched data: 0 B
Matched data: 0 B
File list size: 584 B
File list generation time: 0.005 seconds
File list transfer time: 0.004 seconds
Total sent: 600 B
Total received: 20 B

sent 600 bytes  received 20 bytes  8599 bytes/sec
total size is 125k  speedup is 202.06
Number of files: 13
Number of files transferred: 0
Total file size: 125 kB
Total transferred file size: 0 B
Unmatched data: 0 B
Matched data: 0 B
File list size: 584 B
File list generation time: 0.005 seconds
File list transfer time: 0.004 seconds
Total sent: 600 B
Total received: 20 B

sent 600 bytes  received 20 bytes  8599 bytes/sec
total size is 125k  speedup is 202.06

--- Syncing to 20252643@hpc.tue.nl:~/RulE/data/family/ ---
Number of files: 7
Number of files transferred: 0
Total file size: 488 kB
Total transferred file size: 0 B
Unmatched data: 0 B
Matched data: 0 B
File list size: 280 B
File list generation time: 0.003 seconds
File list transfer time: 0.003 seconds
Total sent: 296 B
Total received: 20 B

sent 296 bytes  received 20 bytes  5171 bytes/sec
total size is 488k  speedup is 1544.52
Number of files: 7
Number of files transferred: 0
Total file size: 488 kB
Total transferred file size: 0 B
Unmatched data: 0 B
Matched data: 0 B
File list size: 280 B
File list generation time: 0.003 seconds
File list transfer time: 0.003 seconds
Total sent: 296 B
Total received: 20 B

sent 296 bytes  received 20 bytes  5171 bytes/sec
total size is 488k  speedup is 1544.52

--- Syncing to 20252643@hpc.tue.nl:~/RulE/config/ ---
Number of files: 2
Number of files transferred: 0
Total file size: 1913 B
Total transferred file size: 0 B
Unmatched data: 0 B
Matched data: 0 B
File list size: 130 B
File list generation time: 0.003 seconds
File list transfer time: 0.003 seconds
Total sent: 146 B
Total received: 20 B

sent 146 bytes  received 20 bytes  2959 bytes/sec
total size is 1913  speedup is 11.52
Number of files: 2
Number of files transferred: 0
Total file size: 1913 B
Total transferred file size: 0 B
Unmatched data: 0 B
Matched data: 0 B
File list size: 130 B
File list generation time: 0.003 seconds
File list transfer time: 0.003 seconds
Total sent: 146 B
Total received: 20 B

sent 146 bytes  received 20 bytes  2959 bytes/sec
total size is 1913  speedup is 11.52

--- Syncing to 20252643@hpc.tue.nl:~/ ---
setup_env_hpc.sh
           4644 100%    4.45MB/s   00:00:00 (xfer#1, to-check=1/2)
<f.st.... setup_env_hpc.sh
Number of files: 2
Number of files transferred: 1
Total file size: 6696 B
Total transferred file size: 4644 B
Unmatched data: 1326 B
Matched data: 3318 B
File list size: 127 B
File list generation time: 0.002 seconds
File list transfer time: 0.003 seconds
Total sent: 577 B
Total received: 84 B

sent 577 bytes  received 84 bytes  7859 bytes/sec
total size is 6696  speedup is 10.13
Number of files: 2
Number of files transferred: 1
Total file size: 6696 B
Total transferred file size: 4644 B
Unmatched data: 1326 B
Matched data: 3318 B
File list size: 127 B
File list generation time: 0.002 seconds
File list transfer time: 0.003 seconds
Total sent: 577 B
Total received: 84 B

sent 577 bytes  received 84 bytes  7859 bytes/sec
total size is 6696  speedup is 10.13

========================================
Result       : Transfer completed successfully
Sync ended   : 2026-04-02 18:59:28
========================================

========================================
Sync started : 2026-04-02 19:08:19
Destination  : 20252643@hpc.tue.nl:~/RulE
Mode         : LIVE
========================================

--- Syncing to 20252643@hpc.tue.nl:~/RulE/src/ ---
Number of files: 7
Number of files transferred: 0
Total file size: 103 kB
Total transferred file size: 0 B
Unmatched data: 0 B
Matched data: 0 B
File list size: 277 B
File list generation time: 0.003 seconds
File list transfer time: 0.004 seconds
Total sent: 293 B
Total received: 20 B

sent 293 bytes  received 20 bytes  4664 bytes/sec
total size is 103k  speedup is 327.52
Number of files: 7
Number of files transferred: 0
Total file size: 103 kB
Total transferred file size: 0 B
Unmatched data: 0 B
Matched data: 0 B
File list size: 277 B
File list generation time: 0.003 seconds
File list transfer time: 0.004 seconds
Total sent: 293 B
Total received: 20 B

sent 293 bytes  received 20 bytes  4664 bytes/sec
total size is 103k  speedup is 327.52

--- Syncing to 20252643@hpc.tue.nl:~/RulE/RulE_original/src/ ---
.d..t.... __pycache__/
Number of files: 13
Number of files transferred: 0
Total file size: 125 kB
Total transferred file size: 0 B
Unmatched data: 0 B
Matched data: 0 B
File list size: 584 B
File list generation time: 0.003 seconds
File list transfer time: 0.004 seconds
Total sent: 606 B
Total received: 26 B

sent 606 bytes  received 26 bytes  9418 bytes/sec
total size is 125k  speedup is 198.22
__pycache__/
Number of files: 13
Number of files transferred: 0
Total file size: 125 kB
Total transferred file size: 0 B
Unmatched data: 0 B
Matched data: 0 B
File list size: 584 B
File list generation time: 0.003 seconds
File list transfer time: 0.004 seconds
Total sent: 606 B
Total received: 26 B

sent 606 bytes  received 26 bytes  9418 bytes/sec
total size is 125k  speedup is 198.22

--- Syncing to 20252643@hpc.tue.nl:~/RulE/data/family/ ---
Number of files: 7
Number of files transferred: 0
Total file size: 488 kB
Total transferred file size: 0 B
Unmatched data: 0 B
Matched data: 0 B
File list size: 280 B
File list generation time: 0.003 seconds
File list transfer time: 0.004 seconds
Total sent: 296 B
Total received: 20 B

sent 296 bytes  received 20 bytes  5735 bytes/sec
total size is 488k  speedup is 1544.52
Number of files: 7
Number of files transferred: 0
Total file size: 488 kB
Total transferred file size: 0 B
Unmatched data: 0 B
Matched data: 0 B
File list size: 280 B
File list generation time: 0.003 seconds
File list transfer time: 0.004 seconds
Total sent: 296 B
Total received: 20 B

sent 296 bytes  received 20 bytes  5735 bytes/sec
total size is 488k  speedup is 1544.52

--- Syncing to 20252643@hpc.tue.nl:~/RulE/config/ ---
Number of files: 2
Number of files transferred: 0
Total file size: 1913 B
Total transferred file size: 0 B
Unmatched data: 0 B
Matched data: 0 B
File list size: 130 B
File list generation time: 0.002 seconds
File list transfer time: 0.003 seconds
Total sent: 146 B
Total received: 20 B

sent 146 bytes  received 20 bytes  2907 bytes/sec
total size is 1913  speedup is 11.52
Number of files: 2
Number of files transferred: 0
Total file size: 1913 B
Total transferred file size: 0 B
Unmatched data: 0 B
Matched data: 0 B
File list size: 130 B
File list generation time: 0.002 seconds
File list transfer time: 0.003 seconds
Total sent: 146 B
Total received: 20 B

sent 146 bytes  received 20 bytes  2907 bytes/sec
total size is 1913  speedup is 11.52

--- Syncing to 20252643@hpc.tue.nl:~/ ---
setup_env_hpc.sh
           4648 100%    5.98MB/s   00:00:00 (xfer#1, to-check=1/2)
<f.st.... setup_env_hpc.sh
Number of files: 2
Number of files transferred: 1
Total file size: 6700 B
Total transferred file size: 4648 B
Unmatched data: 704 B
Matched data: 3944 B
File list size: 127 B
File list generation time: 0.002 seconds
File list transfer time: 0.003 seconds
Total sent: 357 B
Total received: 84 B

sent 357 bytes  received 84 bytes  5306 bytes/sec
total size is 6700  speedup is 15.19
Number of files: 2
Number of files transferred: 1
Total file size: 6700 B
Total transferred file size: 4648 B
Unmatched data: 704 B
Matched data: 3944 B
File list size: 127 B
File list generation time: 0.002 seconds
File list transfer time: 0.003 seconds
Total sent: 357 B
Total received: 84 B

sent 357 bytes  received 84 bytes  5306 bytes/sec
total size is 6700  speedup is 15.19

========================================
Result       : Transfer completed successfully
Sync ended   : 2026-04-02 19:08:21
========================================

========================================
Sync started : 2026-04-03 12:58:30
Destination  : 20252643@hpc.tue.nl:~/RulE
Mode         : LIVE
========================================

--- Syncing to 20252643@hpc.tue.nl:~/RulE/src/ ---
data.py
          25053 100%    9.08MB/s   00:00:00 (xfer#1, to-check=0/7)
main.py
           7297 100%  831.81KB/s   00:00:00 (xfer#2, to-check=2/7)
trainer.py
          27930 100%   16.57MB/s   00:00:00 (xfer#3, to-check=5/7)
<f.st.... data.py
<f.st.... main.py
<f.st.... trainer.py
Number of files: 7
Number of files transferred: 3
Total file size: 103 kB
Total transferred file size: 60280 B
Unmatched data: 2206 B
Matched data: 58074 B
File list size: 277 B
File list generation time: 0.003 seconds
File list transfer time: 0.003 seconds
Total sent: 1424 B
Total received: 608 B

sent 1424 bytes  received 608 bytes  28579 bytes/sec
total size is 103k  speedup is 50.50
Number of files: 7
Number of files transferred: 3
Total file size: 103 kB
Total transferred file size: 60280 B
Unmatched data: 2206 B
Matched data: 58074 B
File list size: 277 B
File list generation time: 0.003 seconds
File list transfer time: 0.003 seconds
Total sent: 1424 B
Total received: 608 B

sent 1424 bytes  received 608 bytes  28579 bytes/sec
total size is 103k  speedup is 50.50

--- Syncing to 20252643@hpc.tue.nl:~/RulE/RulE_original/src/ ---
Number of files: 13
Number of files transferred: 0
Total file size: 125 kB
Total transferred file size: 0 B
Unmatched data: 0 B
Matched data: 0 B
File list size: 584 B
File list generation time: 0.005 seconds
File list transfer time: 0.003 seconds
Total sent: 600 B
Total received: 20 B

sent 600 bytes  received 20 bytes  22064 bytes/sec
total size is 125k  speedup is 202.06
Number of files: 13
Number of files transferred: 0
Total file size: 125 kB
Total transferred file size: 0 B
Unmatched data: 0 B
Matched data: 0 B
File list size: 584 B
File list generation time: 0.005 seconds
File list transfer time: 0.003 seconds
Total sent: 600 B
Total received: 20 B

sent 600 bytes  received 20 bytes  22064 bytes/sec
total size is 125k  speedup is 202.06

--- Syncing to 20252643@hpc.tue.nl:~/RulE/data/family/ ---
Number of files: 7
Number of files transferred: 0
Total file size: 488 kB
Total transferred file size: 0 B
Unmatched data: 0 B
Matched data: 0 B
File list size: 280 B
File list generation time: 0.003 seconds
File list transfer time: 0.004 seconds
Total sent: 296 B
Total received: 20 B

sent 296 bytes  received 20 bytes  11660 bytes/sec
total size is 488k  speedup is 1544.52
Number of files: 7
Number of files transferred: 0
Total file size: 488 kB
Total transferred file size: 0 B
Unmatched data: 0 B
Matched data: 0 B
File list size: 280 B
File list generation time: 0.003 seconds
File list transfer time: 0.004 seconds
Total sent: 296 B
Total received: 20 B

sent 296 bytes  received 20 bytes  11660 bytes/sec
total size is 488k  speedup is 1544.52

--- Syncing to 20252643@hpc.tue.nl:~/RulE/config/ ---
Number of files: 2
Number of files transferred: 0
Total file size: 1913 B
Total transferred file size: 0 B
Unmatched data: 0 B
Matched data: 0 B
File list size: 130 B
File list generation time: 0.004 seconds
File list transfer time: 0.003 seconds
Total sent: 146 B
Total received: 20 B

sent 146 bytes  received 20 bytes  6360 bytes/sec
total size is 1913  speedup is 11.52
Number of files: 2
Number of files transferred: 0
Total file size: 1913 B
Total transferred file size: 0 B
Unmatched data: 0 B
Matched data: 0 B
File list size: 130 B
File list generation time: 0.004 seconds
File list transfer time: 0.003 seconds
Total sent: 146 B
Total received: 20 B

sent 146 bytes  received 20 bytes  6360 bytes/sec
total size is 1913  speedup is 11.52

--- Syncing to 20252643@hpc.tue.nl:~/ ---
Number of files: 2
Number of files transferred: 0
Total file size: 6700 B
Total transferred file size: 0 B
Unmatched data: 0 B
Matched data: 0 B
File list size: 127 B
File list generation time: 0.002 seconds
File list transfer time: 0.003 seconds
Total sent: 143 B
Total received: 20 B

sent 143 bytes  received 20 bytes  6494 bytes/sec
total size is 6700  speedup is 41.10
Number of files: 2
Number of files transferred: 0
Total file size: 6700 B
Total transferred file size: 0 B
Unmatched data: 0 B
Matched data: 0 B
File list size: 127 B
File list generation time: 0.002 seconds
File list transfer time: 0.003 seconds
Total sent: 143 B
Total received: 20 B

sent 143 bytes  received 20 bytes  6494 bytes/sec
total size is 6700  speedup is 41.10

========================================
Result       : Transfer completed successfully
Sync ended   : 2026-04-03 12:58:31
========================================

========================================
Sync started : 2026-04-03 17:49:44
Destination  : 20252643@hpc.tue.nl:~/RulE
Mode         : LIVE
========================================

--- Syncing to 20252643@hpc.tue.nl:~/RulE/src/ ---
Number of files: 7
Number of files transferred: 0
Total file size: 103 kB
Total transferred file size: 0 B
Unmatched data: 0 B
Matched data: 0 B
File list size: 277 B
File list generation time: 0.004 seconds
File list transfer time: 0.003 seconds
Total sent: 293 B
Total received: 20 B

sent 293 bytes  received 20 bytes  8436 bytes/sec
total size is 103k  speedup is 327.86
Number of files: 7
Number of files transferred: 0
Total file size: 103 kB
Total transferred file size: 0 B
Unmatched data: 0 B
Matched data: 0 B
File list size: 277 B
File list generation time: 0.004 seconds
File list transfer time: 0.003 seconds
Total sent: 293 B
Total received: 20 B

sent 293 bytes  received 20 bytes  8436 bytes/sec
total size is 103k  speedup is 327.86

--- Syncing to 20252643@hpc.tue.nl:~/RulE/RulE_original/src/ ---
Number of files: 13
Number of files transferred: 0
Total file size: 125 kB
Total transferred file size: 0 B
Unmatched data: 0 B
Matched data: 0 B
File list size: 584 B
File list generation time: 0.003 seconds
File list transfer time: 0.004 seconds
Total sent: 600 B
Total received: 20 B

sent 600 bytes  received 20 bytes  18181 bytes/sec
total size is 125k  speedup is 202.06
Number of files: 13
Number of files transferred: 0
Total file size: 125 kB
Total transferred file size: 0 B
Unmatched data: 0 B
Matched data: 0 B
File list size: 584 B
File list generation time: 0.003 seconds
File list transfer time: 0.004 seconds
Total sent: 600 B
Total received: 20 B

sent 600 bytes  received 20 bytes  18181 bytes/sec
total size is 125k  speedup is 202.06

--- Syncing to 20252643@hpc.tue.nl:~/RulE/data/family/ ---
Number of files: 7
Number of files transferred: 0
Total file size: 488 kB
Total transferred file size: 0 B
Unmatched data: 0 B
Matched data: 0 B
File list size: 280 B
File list generation time: 0.002 seconds
File list transfer time: 0.003 seconds
Total sent: 296 B
Total received: 20 B

sent 296 bytes  received 20 bytes  9546 bytes/sec
total size is 488k  speedup is 1544.52
Number of files: 7
Number of files transferred: 0
Total file size: 488 kB
Total transferred file size: 0 B
Unmatched data: 0 B
Matched data: 0 B
File list size: 280 B
File list generation time: 0.002 seconds
File list transfer time: 0.003 seconds
Total sent: 296 B
Total received: 20 B

sent 296 bytes  received 20 bytes  9546 bytes/sec
total size is 488k  speedup is 1544.52

--- Syncing to 20252643@hpc.tue.nl:~/RulE/config/ ---
family_comparison_hpc.json
            969 100%  497.81KB/s   00:00:00 (xfer#1, to-check=0/2)
<f.st.... family_comparison_hpc.json
Number of files: 2
Number of files transferred: 1
Total file size: 1912 B
Total transferred file size: 969 B
Unmatched data: 269 B
Matched data: 700 B
File list size: 130 B
File list generation time: 0.002 seconds
File list transfer time: 0.003 seconds
Total sent: 318 B
Total received: 54 B

sent 318 bytes  received 54 bytes  8248 bytes/sec
total size is 1912  speedup is 5.14
Number of files: 2
Number of files transferred: 1
Total file size: 1912 B
Total transferred file size: 969 B
Unmatched data: 269 B
Matched data: 700 B
File list size: 130 B
File list generation time: 0.002 seconds
File list transfer time: 0.003 seconds
Total sent: 318 B
Total received: 54 B

sent 318 bytes  received 54 bytes  8248 bytes/sec
total size is 1912  speedup is 5.14

--- Syncing to 20252643@hpc.tue.nl:~/ ---
Number of files: 2
Number of files transferred: 0
Total file size: 6700 B
Total transferred file size: 0 B
Unmatched data: 0 B
Matched data: 0 B
File list size: 127 B
File list generation time: 0.002 seconds
File list transfer time: 0.003 seconds
Total sent: 143 B
Total received: 20 B

sent 143 bytes  received 20 bytes  6245 bytes/sec
total size is 6700  speedup is 41.10
Number of files: 2
Number of files transferred: 0
Total file size: 6700 B
Total transferred file size: 0 B
Unmatched data: 0 B
Matched data: 0 B
File list size: 127 B
File list generation time: 0.002 seconds
File list transfer time: 0.003 seconds
Total sent: 143 B
Total received: 20 B

sent 143 bytes  received 20 bytes  6245 bytes/sec
total size is 6700  speedup is 41.10

========================================
Result       : Transfer completed successfully
Sync ended   : 2026-04-03 17:49:46
========================================

========================================
Sync started : 2026-04-04 11:11:56
Destination  : 20252643@hpc.tue.nl:~/RulE
Mode         : LIVE
========================================

--- Syncing to 20252643@hpc.tue.nl:~/RulE/src/ ---
data.py
          24970 100%    9.65MB/s   00:00:00 (xfer#1, to-check=0/7)
layers.py
           6593 100%  476.75KB/s   00:00:00 (xfer#2, to-check=1/7)
<f.st.... data.py
<f.st.... layers.py
Number of files: 7
Number of files transferred: 2
Total file size: 103 kB
Total transferred file size: 31563 B
Unmatched data: 3485 B
Matched data: 28078 B
File list size: 277 B
File list generation time: 0.004 seconds
File list transfer time: 0.003 seconds
Total sent: 1532 B
Total received: 334 B

sent 1532 bytes  received 334 bytes  22454 bytes/sec
total size is 103k  speedup is 55.36
Number of files: 7
Number of files transferred: 2
Total file size: 103 kB
Total transferred file size: 31563 B
Unmatched data: 3485 B
Matched data: 28078 B
File list size: 277 B
File list generation time: 0.004 seconds
File list transfer time: 0.003 seconds
Total sent: 1532 B
Total received: 334 B

sent 1532 bytes  received 334 bytes  22454 bytes/sec
total size is 103k  speedup is 55.36

--- Syncing to 20252643@hpc.tue.nl:~/RulE/RulE_original/src/ ---
Number of files: 13
Number of files transferred: 0
Total file size: 125 kB
Total transferred file size: 0 B
Unmatched data: 0 B
Matched data: 0 B
File list size: 584 B
File list generation time: 0.003 seconds
File list transfer time: 0.004 seconds
Total sent: 600 B
Total received: 20 B

sent 600 bytes  received 20 bytes  21305 bytes/sec
total size is 125k  speedup is 202.06
Number of files: 13
Number of files transferred: 0
Total file size: 125 kB
Total transferred file size: 0 B
Unmatched data: 0 B
Matched data: 0 B
File list size: 584 B
File list generation time: 0.003 seconds
File list transfer time: 0.004 seconds
Total sent: 600 B
Total received: 20 B

sent 600 bytes  received 20 bytes  21305 bytes/sec
total size is 125k  speedup is 202.06

--- Syncing to 20252643@hpc.tue.nl:~/RulE/data/family/ ---
Number of files: 7
Number of files transferred: 0
Total file size: 488 kB
Total transferred file size: 0 B
Unmatched data: 0 B
Matched data: 0 B
File list size: 280 B
File list generation time: 0.002 seconds
File list transfer time: 0.002 seconds
Total sent: 296 B
Total received: 20 B

sent 296 bytes  received 20 bytes  9266 bytes/sec
total size is 488k  speedup is 1544.52
Number of files: 7
Number of files transferred: 0
Total file size: 488 kB
Total transferred file size: 0 B
Unmatched data: 0 B
Matched data: 0 B
File list size: 280 B
File list generation time: 0.002 seconds
File list transfer time: 0.002 seconds
Total sent: 296 B
Total received: 20 B

sent 296 bytes  received 20 bytes  9266 bytes/sec
total size is 488k  speedup is 1544.52

--- Syncing to 20252643@hpc.tue.nl:~/RulE/config/ ---
Number of files: 2
Number of files transferred: 0
Total file size: 1912 B
Total transferred file size: 0 B
Unmatched data: 0 B
Matched data: 0 B
File list size: 130 B
File list generation time: 0.003 seconds
File list transfer time: 0.002 seconds
Total sent: 146 B
Total received: 20 B

sent 146 bytes  received 20 bytes  6887 bytes/sec
total size is 1912  speedup is 11.52
Number of files: 2
Number of files transferred: 0
Total file size: 1912 B
Total transferred file size: 0 B
Unmatched data: 0 B
Matched data: 0 B
File list size: 130 B
File list generation time: 0.003 seconds
File list transfer time: 0.002 seconds
Total sent: 146 B
Total received: 20 B

sent 146 bytes  received 20 bytes  6887 bytes/sec
total size is 1912  speedup is 11.52

--- Syncing to 20252643@hpc.tue.nl:~/ ---
Number of files: 2
Number of files transferred: 0
Total file size: 6700 B
Total transferred file size: 0 B
Unmatched data: 0 B
Matched data: 0 B
File list size: 127 B
File list generation time: 0.002 seconds
File list transfer time: 0.003 seconds
Total sent: 143 B
Total received: 20 B

sent 143 bytes  received 20 bytes  5601 bytes/sec
total size is 6700  speedup is 41.10
Number of files: 2
Number of files transferred: 0
Total file size: 6700 B
Total transferred file size: 0 B
Unmatched data: 0 B
Matched data: 0 B
File list size: 127 B
File list generation time: 0.002 seconds
File list transfer time: 0.003 seconds
Total sent: 143 B
Total received: 20 B

sent 143 bytes  received 20 bytes  5601 bytes/sec
total size is 6700  speedup is 41.10

========================================
Result       : Transfer completed successfully
Sync ended   : 2026-04-04 11:11:57
========================================

========================================
Sync started : 2026-04-05 18:12:46
Destination  : 20252643@hpc.tue.nl:~/RulE
Mode         : LIVE
========================================

--- Syncing to 20252643@hpc.tue.nl:~/RulE/src/ ---
rsync(19502): error: /Users/elnararb/Documents/TUe/Thesis/RulE/src/run_comparison.py: (l)stat: No such file or directory
data.py
          24970 100%   15.47MB/s   00:00:00 (xfer#1, to-check=0/6)
layers.py
           6593 100%  716.75KB/s   00:00:00 (xfer#2, to-check=1/6)
main.py
           7297 100%    9.53MB/s   00:00:00 (xfer#3, to-check=2/6)
rsync(19502): error: /Users/elnararb/Documents/TUe/Thesis/RulE/src/run_comparison.py: (l)stat: No such file or directory
<f..t.... data.py
<f..t.... layers.py
<f..t.... main.py
Number of files: 6
Number of files transferred: 3
Total file size: 94856 B
Total transferred file size: 38860 B
Unmatched data: 0 B
Matched data: 38860 B
File list size: 235 B
File list generation time: 0.004 seconds
File list transfer time: 0.003 seconds
Total sent: 653 B
Total received: 428 B

sent 653 bytes  received 428 bytes  11737 bytes/sec
total size is 94856  speedup is 87.75
Number of files: 6
Number of files transferred: 3
Total file size: 94856 B
Total transferred file size: 38860 B
Unmatched data: 0 B
Matched data: 38860 B
File list size: 235 B
File list generation time: 0.004 seconds
File list transfer time: 0.003 seconds
Total sent: 653 B
Total received: 428 B

sent 653 bytes  received 428 bytes  11737 bytes/sec
total size is 94856  speedup is 87.75

--- Syncing to 20252643@hpc.tue.nl:~/RulE/RulE_original/src/ ---
Number of files: 13
Number of files transferred: 0
Total file size: 125 kB
Total transferred file size: 0 B
Unmatched data: 0 B
Matched data: 0 B
File list size: 584 B
File list generation time: 0.004 seconds
File list transfer time: 0.003 seconds
Total sent: 600 B
Total received: 20 B

sent 600 bytes  received 20 bytes  18181 bytes/sec
total size is 125k  speedup is 202.06
Number of files: 13
Number of files transferred: 0
Total file size: 125 kB
Total transferred file size: 0 B
Unmatched data: 0 B
Matched data: 0 B
File list size: 584 B
File list generation time: 0.004 seconds
File list transfer time: 0.003 seconds
Total sent: 600 B
Total received: 20 B

sent 600 bytes  received 20 bytes  18181 bytes/sec
total size is 125k  speedup is 202.06

--- Syncing to 20252643@hpc.tue.nl:~/RulE/data/family/ ---
Number of files: 7
Number of files transferred: 0
Total file size: 488 kB
Total transferred file size: 0 B
Unmatched data: 0 B
Matched data: 0 B
File list size: 280 B
File list generation time: 0.003 seconds
File list transfer time: 0.003 seconds
Total sent: 296 B
Total received: 20 B

sent 296 bytes  received 20 bytes  10859 bytes/sec
total size is 488k  speedup is 1544.52
Number of files: 7
Number of files transferred: 0
Total file size: 488 kB
Total transferred file size: 0 B
Unmatched data: 0 B
Matched data: 0 B
File list size: 280 B
File list generation time: 0.003 seconds
File list transfer time: 0.003 seconds
Total sent: 296 B
Total received: 20 B

sent 296 bytes  received 20 bytes  10859 bytes/sec
total size is 488k  speedup is 1544.52

--- Syncing to 20252643@hpc.tue.nl:~/RulE/config/ ---
Number of files: 2
Number of files transferred: 0
Total file size: 1912 B
Total transferred file size: 0 B
Unmatched data: 0 B
Matched data: 0 B
File list size: 130 B
File list generation time: 0.002 seconds
File list transfer time: 0.003 seconds
Total sent: 146 B
Total received: 20 B

sent 146 bytes  received 20 bytes  6125 bytes/sec
total size is 1912  speedup is 11.52
Number of files: 2
Number of files transferred: 0
Total file size: 1912 B
Total transferred file size: 0 B
Unmatched data: 0 B
Matched data: 0 B
File list size: 130 B
File list generation time: 0.002 seconds
File list transfer time: 0.003 seconds
Total sent: 146 B
Total received: 20 B

sent 146 bytes  received 20 bytes  6125 bytes/sec
total size is 1912  speedup is 11.52

--- Syncing to 20252643@hpc.tue.nl:~/ ---
rule_comparison_gpu.slurm
           2056 100%    1.39MB/s   00:00:00 (xfer#1, to-check=0/2)
<f.st.... rule_comparison_gpu.slurm
Number of files: 2
Number of files transferred: 1
Total file size: 6704 B
Total transferred file size: 2056 B
Unmatched data: 656 B
Matched data: 1400 B
File list size: 127 B
File list generation time: 0.002 seconds
File list transfer time: 0.003 seconds
Total sent: 482 B
Total received: 60 B

sent 482 bytes  received 60 bytes  14225 bytes/sec
total size is 6704  speedup is 12.37
Number of files: 2
Number of files transferred: 1
Total file size: 6704 B
Total transferred file size: 2056 B
Unmatched data: 656 B
Matched data: 1400 B
File list size: 127 B
File list generation time: 0.002 seconds
File list transfer time: 0.003 seconds
Total sent: 482 B
Total received: 60 B

sent 482 bytes  received 60 bytes  14225 bytes/sec
total size is 6704  speedup is 12.37

========================================
Result       : FAILED (one or more groups had errors)
Sync ended   : 2026-04-05 18:12:47
========================================

========================================
Sync started : 2026-04-05 18:14:14
Destination  : 20252643@hpc.tue.nl:~/RulE
Mode         : LIVE
========================================

--- Syncing to 20252643@hpc.tue.nl:~/RulE/src/ ---
Number of files: 7
Number of files transferred: 0
Total file size: 103 kB
Total transferred file size: 0 B
Unmatched data: 0 B
Matched data: 0 B
File list size: 277 B
File list generation time: 0.002 seconds
File list transfer time: 0.003 seconds
Total sent: 293 B
Total received: 20 B

sent 293 bytes  received 20 bytes  9750 bytes/sec
total size is 103k  speedup is 330.05
Number of files: 7
Number of files transferred: 0
Total file size: 103 kB
Total transferred file size: 0 B
Unmatched data: 0 B
Matched data: 0 B
File list size: 277 B
File list generation time: 0.002 seconds
File list transfer time: 0.003 seconds
Total sent: 293 B
Total received: 20 B

sent 293 bytes  received 20 bytes  9750 bytes/sec
total size is 103k  speedup is 330.05

--- Syncing to 20252643@hpc.tue.nl:~/RulE/RulE_original/src/ ---
Number of files: 13
Number of files transferred: 0
Total file size: 125 kB
Total transferred file size: 0 B
Unmatched data: 0 B
Matched data: 0 B
File list size: 584 B
File list generation time: 0.003 seconds
File list transfer time: 0.003 seconds
Total sent: 600 B
Total received: 20 B

sent 600 bytes  received 20 bytes  19935 bytes/sec
total size is 125k  speedup is 202.06
Number of files: 13
Number of files transferred: 0
Total file size: 125 kB
Total transferred file size: 0 B
Unmatched data: 0 B
Matched data: 0 B
File list size: 584 B
File list generation time: 0.003 seconds
File list transfer time: 0.003 seconds
Total sent: 600 B
Total received: 20 B

sent 600 bytes  received 20 bytes  19935 bytes/sec
total size is 125k  speedup is 202.06

--- Syncing to 20252643@hpc.tue.nl:~/RulE/data/family/ ---
Number of files: 7
Number of files transferred: 0
Total file size: 488 kB
Total transferred file size: 0 B
Unmatched data: 0 B
Matched data: 0 B
File list size: 280 B
File list generation time: 0.003 seconds
File list transfer time: 0.003 seconds
Total sent: 296 B
Total received: 20 B

sent 296 bytes  received 20 bytes  11245 bytes/sec
total size is 488k  speedup is 1544.52
Number of files: 7
Number of files transferred: 0
Total file size: 488 kB
Total transferred file size: 0 B
Unmatched data: 0 B
Matched data: 0 B
File list size: 280 B
File list generation time: 0.003 seconds
File list transfer time: 0.003 seconds
Total sent: 296 B
Total received: 20 B

sent 296 bytes  received 20 bytes  11245 bytes/sec
total size is 488k  speedup is 1544.52

--- Syncing to 20252643@hpc.tue.nl:~/RulE/config/ ---
Number of files: 2
Number of files transferred: 0
Total file size: 1912 B
Total transferred file size: 0 B
Unmatched data: 0 B
Matched data: 0 B
File list size: 130 B
File list generation time: 0.003 seconds
File list transfer time: 0.003 seconds
Total sent: 146 B
Total received: 20 B

sent 146 bytes  received 20 bytes  6125 bytes/sec
total size is 1912  speedup is 11.52
Number of files: 2
Number of files transferred: 0
Total file size: 1912 B
Total transferred file size: 0 B
Unmatched data: 0 B
Matched data: 0 B
File list size: 130 B
File list generation time: 0.003 seconds
File list transfer time: 0.003 seconds
Total sent: 146 B
Total received: 20 B

sent 146 bytes  received 20 bytes  6125 bytes/sec
total size is 1912  speedup is 11.52

--- Syncing to 20252643@hpc.tue.nl:~/ ---
gat_grounding_only.slurm
           2876 100%    4.81MB/s   00:00:00 (xfer#1, to-check=0/3)
<f+++++++ gat_grounding_only.slurm
Number of files: 3
Number of files transferred: 1
Total file size: 9580 B
Total transferred file size: 2876 B
Unmatched data: 2876 B
Matched data: 0 B
File list size: 176 B
File list generation time: 0.002 seconds
File list transfer time: 0.003 seconds
Total sent: 1225 B
Total received: 42 B

sent 1225 bytes  received 42 bytes  38277 bytes/sec
total size is 9580  speedup is 7.56
Number of files: 3
Number of files transferred: 1
Total file size: 9580 B
Total transferred file size: 2876 B
Unmatched data: 2876 B
Matched data: 0 B
File list size: 176 B
File list generation time: 0.002 seconds
File list transfer time: 0.003 seconds
Total sent: 1225 B
Total received: 42 B

sent 1225 bytes  received 42 bytes  38277 bytes/sec
total size is 9580  speedup is 7.56

========================================
Result       : Transfer completed successfully
Sync ended   : 2026-04-05 18:14:15
========================================

========================================
Sync started : 2026-04-05 18:15:39
Destination  : 20252643@hpc.tue.nl:~/RulE
Mode         : LIVE
========================================

--- Syncing to 20252643@hpc.tue.nl:~/RulE/src/ ---
Number of files: 6
Number of files transferred: 0
Total file size: 94856 B
Total transferred file size: 0 B
Unmatched data: 0 B
Matched data: 0 B
File list size: 235 B
File list generation time: 0.003 seconds
File list transfer time: 0.003 seconds
Total sent: 251 B
Total received: 20 B

sent 251 bytes  received 20 bytes  9644 bytes/sec
total size is 94856  speedup is 350.02
Number of files: 6
Number of files transferred: 0
Total file size: 94856 B
Total transferred file size: 0 B
Unmatched data: 0 B
Matched data: 0 B
File list size: 235 B
File list generation time: 0.003 seconds
File list transfer time: 0.003 seconds
Total sent: 251 B
Total received: 20 B

sent 251 bytes  received 20 bytes  9644 bytes/sec
total size is 94856  speedup is 350.02

--- Syncing to 20252643@hpc.tue.nl:~/RulE/scripts/ ---
run_comparison.py
           8450 100%    6.13MB/s   00:00:00 (xfer#1, to-check=0/1)
<f+++++++ run_comparison.py
Number of files: 1
Number of files transferred: 1
Total file size: 8450 B
Total transferred file size: 8450 B
Unmatched data: 8450 B
Matched data: 0 B
File list size: 78 B
File list generation time: 0.001 seconds
File list transfer time: 0.003 seconds
Total sent: 2543 B
Total received: 42 B

sent 2543 bytes  received 42 bytes  78096 bytes/sec
total size is 8450  speedup is 3.27
Number of files: 1
Number of files transferred: 1
Total file size: 8450 B
Total transferred file size: 8450 B
Unmatched data: 8450 B
Matched data: 0 B
File list size: 78 B
File list generation time: 0.001 seconds
File list transfer time: 0.003 seconds
Total sent: 2543 B
Total received: 42 B

sent 2543 bytes  received 42 bytes  78096 bytes/sec
total size is 8450  speedup is 3.27

--- Syncing to 20252643@hpc.tue.nl:~/RulE/RulE_original/src/ ---
Number of files: 13
Number of files transferred: 0
Total file size: 125 kB
Total transferred file size: 0 B
Unmatched data: 0 B
Matched data: 0 B
File list size: 584 B
File list generation time: 0.003 seconds
File list transfer time: 0.004 seconds
Total sent: 600 B
Total received: 20 B

sent 600 bytes  received 20 bytes  19935 bytes/sec
total size is 125k  speedup is 202.06
Number of files: 13
Number of files transferred: 0
Total file size: 125 kB
Total transferred file size: 0 B
Unmatched data: 0 B
Matched data: 0 B
File list size: 584 B
File list generation time: 0.003 seconds
File list transfer time: 0.004 seconds
Total sent: 600 B
Total received: 20 B

sent 600 bytes  received 20 bytes  19935 bytes/sec
total size is 125k  speedup is 202.06

--- Syncing to 20252643@hpc.tue.nl:~/RulE/data/family/ ---
Number of files: 7
Number of files transferred: 0
Total file size: 488 kB
Total transferred file size: 0 B
Unmatched data: 0 B
Matched data: 0 B
File list size: 280 B
File list generation time: 0.003 seconds
File list transfer time: 0.003 seconds
Total sent: 296 B
Total received: 20 B

sent 296 bytes  received 20 bytes  11245 bytes/sec
total size is 488k  speedup is 1544.52
Number of files: 7
Number of files transferred: 0
Total file size: 488 kB
Total transferred file size: 0 B
Unmatched data: 0 B
Matched data: 0 B
File list size: 280 B
File list generation time: 0.003 seconds
File list transfer time: 0.003 seconds
Total sent: 296 B
Total received: 20 B

sent 296 bytes  received 20 bytes  11245 bytes/sec
total size is 488k  speedup is 1544.52

--- Syncing to 20252643@hpc.tue.nl:~/RulE/config/ ---
Number of files: 2
Number of files transferred: 0
Total file size: 1912 B
Total transferred file size: 0 B
Unmatched data: 0 B
Matched data: 0 B
File list size: 130 B
File list generation time: 0.002 seconds
File list transfer time: 0.003 seconds
Total sent: 146 B
Total received: 20 B

sent 146 bytes  received 20 bytes  6125 bytes/sec
total size is 1912  speedup is 11.52
Number of files: 2
Number of files transferred: 0
Total file size: 1912 B
Total transferred file size: 0 B
Unmatched data: 0 B
Matched data: 0 B
File list size: 130 B
File list generation time: 0.002 seconds
File list transfer time: 0.003 seconds
Total sent: 146 B
Total received: 20 B

sent 146 bytes  received 20 bytes  6125 bytes/sec
total size is 1912  speedup is 11.52

--- Syncing to 20252643@hpc.tue.nl:~/ ---
Number of files: 3
Number of files transferred: 0
Total file size: 9580 B
Total transferred file size: 0 B
Unmatched data: 0 B
Matched data: 0 B
File list size: 176 B
File list generation time: 0.002 seconds
File list transfer time: 0.003 seconds
Total sent: 192 B
Total received: 20 B

sent 192 bytes  received 20 bytes  8122 bytes/sec
total size is 9580  speedup is 45.19
Number of files: 3
Number of files transferred: 0
Total file size: 9580 B
Total transferred file size: 0 B
Unmatched data: 0 B
Matched data: 0 B
File list size: 176 B
File list generation time: 0.002 seconds
File list transfer time: 0.003 seconds
Total sent: 192 B
Total received: 20 B

sent 192 bytes  received 20 bytes  8122 bytes/sec
total size is 9580  speedup is 45.19

========================================
Result       : Transfer completed successfully
Sync ended   : 2026-04-05 18:15:40
========================================

========================================
Sync started : 2026-04-05 18:23:57
Destination  : 20252643@hpc.tue.nl:~/RulE
Mode         : LIVE
========================================

--- Syncing to 20252643@hpc.tue.nl:~/RulE/src/ ---
Number of files: 6
Number of files transferred: 0
Total file size: 94856 B
Total transferred file size: 0 B
Unmatched data: 0 B
Matched data: 0 B
File list size: 235 B
File list generation time: 0.002 seconds
File list transfer time: 0.005 seconds
Total sent: 251 B
Total received: 20 B

sent 251 bytes  received 20 bytes  7947 bytes/sec
total size is 94856  speedup is 350.02
Number of files: 6
Number of files transferred: 0
Total file size: 94856 B
Total transferred file size: 0 B
Unmatched data: 0 B
Matched data: 0 B
File list size: 235 B
File list generation time: 0.002 seconds
File list transfer time: 0.005 seconds
Total sent: 251 B
Total received: 20 B

sent 251 bytes  received 20 bytes  7947 bytes/sec
total size is 94856  speedup is 350.02

--- Syncing to 20252643@hpc.tue.nl:~/RulE/scripts/ ---
Number of files: 1
Number of files transferred: 0
Total file size: 8450 B
Total transferred file size: 0 B
Unmatched data: 0 B
Matched data: 0 B
File list size: 78 B
File list generation time: 0.002 seconds
File list transfer time: 0.003 seconds
Total sent: 94 B
Total received: 20 B

sent 94 bytes  received 20 bytes  4367 bytes/sec
total size is 8450  speedup is 74.12
Number of files: 1
Number of files transferred: 0
Total file size: 8450 B
Total transferred file size: 0 B
Unmatched data: 0 B
Matched data: 0 B
File list size: 78 B
File list generation time: 0.002 seconds
File list transfer time: 0.003 seconds
Total sent: 94 B
Total received: 20 B

sent 94 bytes  received 20 bytes  4367 bytes/sec
total size is 8450  speedup is 74.12

--- Syncing to 20252643@hpc.tue.nl:~/RulE/RulE_original/src/ ---
Number of files: 13
Number of files transferred: 0
Total file size: 125 kB
Total transferred file size: 0 B
Unmatched data: 0 B
Matched data: 0 B
File list size: 584 B
File list generation time: 0.002 seconds
File list transfer time: 0.004 seconds
Total sent: 600 B
Total received: 20 B

sent 600 bytes  received 20 bytes  19935 bytes/sec
total size is 125k  speedup is 202.06
Number of files: 13
Number of files transferred: 0
Total file size: 125 kB
Total transferred file size: 0 B
Unmatched data: 0 B
Matched data: 0 B
File list size: 584 B
File list generation time: 0.002 seconds
File list transfer time: 0.004 seconds
Total sent: 600 B
Total received: 20 B

sent 600 bytes  received 20 bytes  19935 bytes/sec
total size is 125k  speedup is 202.06

--- Syncing to 20252643@hpc.tue.nl:~/RulE/data/family/ ---
Number of files: 7
Number of files transferred: 0
Total file size: 488 kB
Total transferred file size: 0 B
Unmatched data: 0 B
Matched data: 0 B
File list size: 280 B
File list generation time: 0.003 seconds
File list transfer time: 0.003 seconds
Total sent: 296 B
Total received: 20 B

sent 296 bytes  received 20 bytes  11245 bytes/sec
total size is 488k  speedup is 1544.52
Number of files: 7
Number of files transferred: 0
Total file size: 488 kB
Total transferred file size: 0 B
Unmatched data: 0 B
Matched data: 0 B
File list size: 280 B
File list generation time: 0.003 seconds
File list transfer time: 0.003 seconds
Total sent: 296 B
Total received: 20 B

sent 296 bytes  received 20 bytes  11245 bytes/sec
total size is 488k  speedup is 1544.52

--- Syncing to 20252643@hpc.tue.nl:~/RulE/config/ ---
Number of files: 2
Number of files transferred: 0
Total file size: 1912 B
Total transferred file size: 0 B
Unmatched data: 0 B
Matched data: 0 B
File list size: 130 B
File list generation time: 0.002 seconds
File list transfer time: 0.003 seconds
Total sent: 146 B
Total received: 20 B

sent 146 bytes  received 20 bytes  5704 bytes/sec
total size is 1912  speedup is 11.52
Number of files: 2
Number of files transferred: 0
Total file size: 1912 B
Total transferred file size: 0 B
Unmatched data: 0 B
Matched data: 0 B
File list size: 130 B
File list generation time: 0.002 seconds
File list transfer time: 0.003 seconds
Total sent: 146 B
Total received: 20 B

sent 146 bytes  received 20 bytes  5704 bytes/sec
total size is 1912  speedup is 11.52

--- Syncing to 20252643@hpc.tue.nl:~/ ---
gat_grounding_only.slurm
           4313 100%    4.66MB/s   00:00:00 (xfer#1, to-check=0/3)
<f.st.... gat_grounding_only.slurm
Number of files: 3
Number of files transferred: 1
Total file size: 11017 B
Total transferred file size: 4313 B
Unmatched data: 2913 B
Matched data: 1400 B
File list size: 176 B
File list generation time: 0.002 seconds
File list transfer time: 0.003 seconds
Total sent: 1185 B
Total received: 72 B

sent 1185 bytes  received 72 bytes  31346 bytes/sec
total size is 11017  speedup is 8.76
Number of files: 3
Number of files transferred: 1
Total file size: 11017 B
Total transferred file size: 4313 B
Unmatched data: 2913 B
Matched data: 1400 B
File list size: 176 B
File list generation time: 0.002 seconds
File list transfer time: 0.003 seconds
Total sent: 1185 B
Total received: 72 B

sent 1185 bytes  received 72 bytes  31346 bytes/sec
total size is 11017  speedup is 8.76

========================================
Result       : Transfer completed successfully
Sync ended   : 2026-04-05 18:23:58
========================================

========================================
Sync started : 2026-04-05 20:44:45
Destination  : 20252643@hpc.tue.nl:~/RulE
Mode         : LIVE
========================================

--- Syncing to 20252643@hpc.tue.nl:~/RulE/src/ ---
Number of files: 6
Number of files transferred: 0
Total file size: 94856 B
Total transferred file size: 0 B
Unmatched data: 0 B
Matched data: 0 B
File list size: 235 B
File list generation time: 0.003 seconds
File list transfer time: 0.003 seconds
Total sent: 251 B
Total received: 20 B

sent 251 bytes  received 20 bytes  7720 bytes/sec
total size is 94856  speedup is 350.02
Number of files: 6
Number of files transferred: 0
Total file size: 94856 B
Total transferred file size: 0 B
Unmatched data: 0 B
Matched data: 0 B
File list size: 235 B
File list generation time: 0.003 seconds
File list transfer time: 0.003 seconds
Total sent: 251 B
Total received: 20 B

sent 251 bytes  received 20 bytes  7720 bytes/sec
total size is 94856  speedup is 350.02

--- Syncing to 20252643@hpc.tue.nl:~/RulE/scripts/ ---
Number of files: 1
Number of files transferred: 0
Total file size: 8450 B
Total transferred file size: 0 B
Unmatched data: 0 B
Matched data: 0 B
File list size: 78 B
File list generation time: 0.002 seconds
File list transfer time: 0.002 seconds
Total sent: 94 B
Total received: 20 B

sent 94 bytes  received 20 bytes  4367 bytes/sec
total size is 8450  speedup is 74.12
Number of files: 1
Number of files transferred: 0
Total file size: 8450 B
Total transferred file size: 0 B
Unmatched data: 0 B
Matched data: 0 B
File list size: 78 B
File list generation time: 0.002 seconds
File list transfer time: 0.002 seconds
Total sent: 94 B
Total received: 20 B

sent 94 bytes  received 20 bytes  4367 bytes/sec
total size is 8450  speedup is 74.12

--- Syncing to 20252643@hpc.tue.nl:~/RulE/RulE_original/src/ ---
Number of files: 13
Number of files transferred: 0
Total file size: 125 kB
Total transferred file size: 0 B
Unmatched data: 0 B
Matched data: 0 B
File list size: 584 B
File list generation time: 0.003 seconds
File list transfer time: 0.004 seconds
Total sent: 600 B
Total received: 20 B

sent 600 bytes  received 20 bytes  17174 bytes/sec
total size is 125k  speedup is 202.06
Number of files: 13
Number of files transferred: 0
Total file size: 125 kB
Total transferred file size: 0 B
Unmatched data: 0 B
Matched data: 0 B
File list size: 584 B
File list generation time: 0.003 seconds
File list transfer time: 0.004 seconds
Total sent: 600 B
Total received: 20 B

sent 600 bytes  received 20 bytes  17174 bytes/sec
total size is 125k  speedup is 202.06

--- Syncing to 20252643@hpc.tue.nl:~/RulE/data/family/ ---
Number of files: 7
Number of files transferred: 0
Total file size: 488 kB
Total transferred file size: 0 B
Unmatched data: 0 B
Matched data: 0 B
File list size: 280 B
File list generation time: 0.002 seconds
File list transfer time: 0.003 seconds
Total sent: 296 B
Total received: 20 B

sent 296 bytes  received 20 bytes  9266 bytes/sec
total size is 488k  speedup is 1544.52
Number of files: 7
Number of files transferred: 0
Total file size: 488 kB
Total transferred file size: 0 B
Unmatched data: 0 B
Matched data: 0 B
File list size: 280 B
File list generation time: 0.002 seconds
File list transfer time: 0.003 seconds
Total sent: 296 B
Total received: 20 B

sent 296 bytes  received 20 bytes  9266 bytes/sec
total size is 488k  speedup is 1544.52

--- Syncing to 20252643@hpc.tue.nl:~/RulE/config/ ---
Number of files: 2
Number of files transferred: 0
Total file size: 1912 B
Total transferred file size: 0 B
Unmatched data: 0 B
Matched data: 0 B
File list size: 130 B
File list generation time: 0.002 seconds
File list transfer time: 0.003 seconds
Total sent: 146 B
Total received: 20 B

sent 146 bytes  received 20 bytes  5704 bytes/sec
total size is 1912  speedup is 11.52
Number of files: 2
Number of files transferred: 0
Total file size: 1912 B
Total transferred file size: 0 B
Unmatched data: 0 B
Matched data: 0 B
File list size: 130 B
File list generation time: 0.002 seconds
File list transfer time: 0.003 seconds
Total sent: 146 B
Total received: 20 B

sent 146 bytes  received 20 bytes  5704 bytes/sec
total size is 1912  speedup is 11.52

--- Syncing to 20252643@hpc.tue.nl:~/ ---
Number of files: 3
Number of files transferred: 0
Total file size: 11017 B
Total transferred file size: 0 B
Unmatched data: 0 B
Matched data: 0 B
File list size: 176 B
File list generation time: 0.002 seconds
File list transfer time: 0.003 seconds
Total sent: 192 B
Total received: 20 B

sent 192 bytes  received 20 bytes  7544 bytes/sec
total size is 11017  speedup is 51.97
Number of files: 3
Number of files transferred: 0
Total file size: 11017 B
Total transferred file size: 0 B
Unmatched data: 0 B
Matched data: 0 B
File list size: 176 B
File list generation time: 0.002 seconds
File list transfer time: 0.003 seconds
Total sent: 192 B
Total received: 20 B

sent 192 bytes  received 20 bytes  7544 bytes/sec
total size is 11017  speedup is 51.97

========================================
Result       : Transfer completed successfully
Sync ended   : 2026-04-05 20:44:46
========================================

========================================
Sync started : 2026-04-05 20:49:08
Destination  : 20252643@hpc.tue.nl:~/RulE
Mode         : LIVE
========================================

--- Syncing to 20252643@hpc.tue.nl:~/RulE/src/ ---
Number of files: 6
Number of files transferred: 0
Total file size: 94856 B
Total transferred file size: 0 B
Unmatched data: 0 B
Matched data: 0 B
File list size: 235 B
File list generation time: 0.003 seconds
File list transfer time: 0.004 seconds
Total sent: 251 B
Total received: 20 B

sent 251 bytes  received 20 bytes  8187 bytes/sec
total size is 94856  speedup is 350.02
Number of files: 6
Number of files transferred: 0
Total file size: 94856 B
Total transferred file size: 0 B
Unmatched data: 0 B
Matched data: 0 B
File list size: 235 B
File list generation time: 0.003 seconds
File list transfer time: 0.004 seconds
Total sent: 251 B
Total received: 20 B

sent 251 bytes  received 20 bytes  8187 bytes/sec
total size is 94856  speedup is 350.02

--- Syncing to 20252643@hpc.tue.nl:~/RulE/scripts/ ---
Number of files: 1
Number of files transferred: 0
Total file size: 8450 B
Total transferred file size: 0 B
Unmatched data: 0 B
Matched data: 0 B
File list size: 78 B
File list generation time: 0.002 seconds
File list transfer time: 0.002 seconds
Total sent: 94 B
Total received: 20 B

sent 94 bytes  received 20 bytes  4056 bytes/sec
total size is 8450  speedup is 74.12
Number of files: 1
Number of files transferred: 0
Total file size: 8450 B
Total transferred file size: 0 B
Unmatched data: 0 B
Matched data: 0 B
File list size: 78 B
File list generation time: 0.002 seconds
File list transfer time: 0.002 seconds
Total sent: 94 B
Total received: 20 B

sent 94 bytes  received 20 bytes  4056 bytes/sec
total size is 8450  speedup is 74.12

--- Syncing to 20252643@hpc.tue.nl:~/RulE/RulE_original/src/ ---
Number of files: 13
Number of files transferred: 0
Total file size: 125 kB
Total transferred file size: 0 B
Unmatched data: 0 B
Matched data: 0 B
File list size: 584 B
File list generation time: 0.004 seconds
File list transfer time: 0.003 seconds
Total sent: 600 B
Total received: 20 B

sent 600 bytes  received 20 bytes  19314 bytes/sec
total size is 125k  speedup is 202.06
Number of files: 13
Number of files transferred: 0
Total file size: 125 kB
Total transferred file size: 0 B
Unmatched data: 0 B
Matched data: 0 B
File list size: 584 B
File list generation time: 0.004 seconds
File list transfer time: 0.003 seconds
Total sent: 600 B
Total received: 20 B

sent 600 bytes  received 20 bytes  19314 bytes/sec
total size is 125k  speedup is 202.06

--- Syncing to 20252643@hpc.tue.nl:~/RulE/data/family/ ---
Number of files: 7
Number of files transferred: 0
Total file size: 488 kB
Total transferred file size: 0 B
Unmatched data: 0 B
Matched data: 0 B
File list size: 280 B
File list generation time: 0.003 seconds
File list transfer time: 0.003 seconds
Total sent: 296 B
Total received: 20 B

sent 296 bytes  received 20 bytes  10498 bytes/sec
total size is 488k  speedup is 1544.52
Number of files: 7
Number of files transferred: 0
Total file size: 488 kB
Total transferred file size: 0 B
Unmatched data: 0 B
Matched data: 0 B
File list size: 280 B
File list generation time: 0.003 seconds
File list transfer time: 0.003 seconds
Total sent: 296 B
Total received: 20 B

sent 296 bytes  received 20 bytes  10498 bytes/sec
total size is 488k  speedup is 1544.52

--- Syncing to 20252643@hpc.tue.nl:~/RulE/config/ ---
Number of files: 2
Number of files transferred: 0
Total file size: 1912 B
Total transferred file size: 0 B
Unmatched data: 0 B
Matched data: 0 B
File list size: 130 B
File list generation time: 0.002 seconds
File list transfer time: 0.002 seconds
Total sent: 146 B
Total received: 20 B

sent 146 bytes  received 20 bytes  5514 bytes/sec
total size is 1912  speedup is 11.52
Number of files: 2
Number of files transferred: 0
Total file size: 1912 B
Total transferred file size: 0 B
Unmatched data: 0 B
Matched data: 0 B
File list size: 130 B
File list generation time: 0.002 seconds
File list transfer time: 0.002 seconds
Total sent: 146 B
Total received: 20 B

sent 146 bytes  received 20 bytes  5514 bytes/sec
total size is 1912  speedup is 11.52

--- Syncing to 20252643@hpc.tue.nl:~/ ---
gat_grounding_only.slurm
           4313 100%    1.80MB/s   00:00:00 (xfer#1, to-check=0/3)
<f..t.... gat_grounding_only.slurm
Number of files: 3
Number of files transferred: 1
Total file size: 11017 B
Total transferred file size: 4313 B
Unmatched data: 700 B
Matched data: 3613 B
File list size: 176 B
File list generation time: 0.002 seconds
File list transfer time: 0.003 seconds
Total sent: 498 B
Total received: 84 B

sent 498 bytes  received 84 bytes  13503 bytes/sec
total size is 11017  speedup is 18.93
Number of files: 3
Number of files transferred: 1
Total file size: 11017 B
Total transferred file size: 4313 B
Unmatched data: 700 B
Matched data: 3613 B
File list size: 176 B
File list generation time: 0.002 seconds
File list transfer time: 0.003 seconds
Total sent: 498 B
Total received: 84 B

sent 498 bytes  received 84 bytes  13503 bytes/sec
total size is 11017  speedup is 18.93

========================================
Result       : Transfer completed successfully
Sync ended   : 2026-04-05 20:49:09
========================================

========================================
Sync started : 2026-04-05 20:50:17
Destination  : 20252643@hpc.tue.nl:~/RulE
Mode         : LIVE
========================================

--- Syncing to 20252643@hpc.tue.nl:~/RulE/src/ ---
Number of files: 6
Number of files transferred: 0
Total file size: 94856 B
Total transferred file size: 0 B
Unmatched data: 0 B
Matched data: 0 B
File list size: 235 B
File list generation time: 0.003 seconds
File list transfer time: 0.003 seconds
Total sent: 251 B
Total received: 20 B

sent 251 bytes  received 20 bytes  8713 bytes/sec
total size is 94856  speedup is 350.02
Number of files: 6
Number of files transferred: 0
Total file size: 94856 B
Total transferred file size: 0 B
Unmatched data: 0 B
Matched data: 0 B
File list size: 235 B
File list generation time: 0.003 seconds
File list transfer time: 0.003 seconds
Total sent: 251 B
Total received: 20 B

sent 251 bytes  received 20 bytes  8713 bytes/sec
total size is 94856  speedup is 350.02

--- Syncing to 20252643@hpc.tue.nl:~/RulE/scripts/ ---
Number of files: 1
Number of files transferred: 0
Total file size: 8450 B
Total transferred file size: 0 B
Unmatched data: 0 B
Matched data: 0 B
File list size: 78 B
File list generation time: 0.002 seconds
File list transfer time: 0.003 seconds
Total sent: 94 B
Total received: 20 B

sent 94 bytes  received 20 bytes  3917 bytes/sec
total size is 8450  speedup is 74.12
Number of files: 1
Number of files transferred: 0
Total file size: 8450 B
Total transferred file size: 0 B
Unmatched data: 0 B
Matched data: 0 B
File list size: 78 B
File list generation time: 0.002 seconds
File list transfer time: 0.003 seconds
Total sent: 94 B
Total received: 20 B

sent 94 bytes  received 20 bytes  3917 bytes/sec
total size is 8450  speedup is 74.12

--- Syncing to 20252643@hpc.tue.nl:~/RulE/RulE_original/src/ ---
Number of files: 13
Number of files transferred: 0
Total file size: 125 kB
Total transferred file size: 0 B
Unmatched data: 0 B
Matched data: 0 B
File list size: 584 B
File list generation time: 0.002 seconds
File list transfer time: 0.004 seconds
Total sent: 600 B
Total received: 20 B

sent 600 bytes  received 20 bytes  20598 bytes/sec
total size is 125k  speedup is 202.06
Number of files: 13
Number of files transferred: 0
Total file size: 125 kB
Total transferred file size: 0 B
Unmatched data: 0 B
Matched data: 0 B
File list size: 584 B
File list generation time: 0.002 seconds
File list transfer time: 0.004 seconds
Total sent: 600 B
Total received: 20 B

sent 600 bytes  received 20 bytes  20598 bytes/sec
total size is 125k  speedup is 202.06

--- Syncing to 20252643@hpc.tue.nl:~/RulE/data/family/ ---
Number of files: 7
Number of files transferred: 0
Total file size: 488 kB
Total transferred file size: 0 B
Unmatched data: 0 B
Matched data: 0 B
File list size: 280 B
File list generation time: 0.003 seconds
File list transfer time: 0.004 seconds
Total sent: 296 B
Total received: 20 B

sent 296 bytes  received 20 bytes  10498 bytes/sec
total size is 488k  speedup is 1544.52
Number of files: 7
Number of files transferred: 0
Total file size: 488 kB
Total transferred file size: 0 B
Unmatched data: 0 B
Matched data: 0 B
File list size: 280 B
File list generation time: 0.003 seconds
File list transfer time: 0.004 seconds
Total sent: 296 B
Total received: 20 B

sent 296 bytes  received 20 bytes  10498 bytes/sec
total size is 488k  speedup is 1544.52

--- Syncing to 20252643@hpc.tue.nl:~/RulE/config/ ---
Number of files: 2
Number of files transferred: 0
Total file size: 1912 B
Total transferred file size: 0 B
Unmatched data: 0 B
Matched data: 0 B
File list size: 130 B
File list generation time: 0.002 seconds
File list transfer time: 0.003 seconds
Total sent: 146 B
Total received: 20 B

sent 146 bytes  received 20 bytes  6125 bytes/sec
total size is 1912  speedup is 11.52
Number of files: 2
Number of files transferred: 0
Total file size: 1912 B
Total transferred file size: 0 B
Unmatched data: 0 B
Matched data: 0 B
File list size: 130 B
File list generation time: 0.002 seconds
File list transfer time: 0.003 seconds
Total sent: 146 B
Total received: 20 B

sent 146 bytes  received 20 bytes  6125 bytes/sec
total size is 1912  speedup is 11.52

--- Syncing to 20252643@hpc.tue.nl:~/ ---
adaptive_beta_only.slurm
           5469 100%    9.88MB/s   00:00:00 (xfer#1, to-check=0/4)
<f+++++++ adaptive_beta_only.slurm
Number of files: 4
Number of files transferred: 1
Total file size: 16486 B
Total transferred file size: 5469 B
Unmatched data: 5469 B
Matched data: 0 B
File list size: 225 B
File list generation time: 0.002 seconds
File list transfer time: 0.002 seconds
Total sent: 2125 B
Total received: 42 B

sent 2125 bytes  received 42 bytes  61737 bytes/sec
total size is 16486  speedup is 7.61
Number of files: 4
Number of files transferred: 1
Total file size: 16486 B
Total transferred file size: 5469 B
Unmatched data: 5469 B
Matched data: 0 B
File list size: 225 B
File list generation time: 0.002 seconds
File list transfer time: 0.002 seconds
Total sent: 2125 B
Total received: 42 B

sent 2125 bytes  received 42 bytes  61737 bytes/sec
total size is 16486  speedup is 7.61

========================================
Result       : Transfer completed successfully
Sync ended   : 2026-04-05 20:50:18
========================================

========================================
Sync started : 2026-04-06 19:14:33
Destination  : 20252643@hpc.tue.nl:~/RulE
Mode         : LIVE
========================================

--- Syncing to 20252643@hpc.tue.nl:~/RulE/src/ ---
Number of files: 6
Number of files transferred: 0
Total file size: 94856 B
Total transferred file size: 0 B
Unmatched data: 0 B
Matched data: 0 B
File list size: 235 B
File list generation time: 0.004 seconds
File list transfer time: 0.003 seconds
Total sent: 251 B
Total received: 20 B

sent 251 bytes  received 20 bytes  6437 bytes/sec
total size is 94856  speedup is 350.02
Number of files: 6
Number of files transferred: 0
Total file size: 94856 B
Total transferred file size: 0 B
Unmatched data: 0 B
Matched data: 0 B
File list size: 235 B
File list generation time: 0.004 seconds
File list transfer time: 0.003 seconds
Total sent: 251 B
Total received: 20 B

sent 251 bytes  received 20 bytes  6437 bytes/sec
total size is 94856  speedup is 350.02

--- Syncing to 20252643@hpc.tue.nl:~/RulE/scripts/ ---
compare_balancing.py
          12561 100%    4.42MB/s   00:00:00 (xfer#1, to-check=0/5)
parse_gat_metrics.py
          12570 100%   11.44MB/s   00:00:00 (xfer#2, to-check=1/5)
test_learnable_beta.py
           8203 100%   14.35MB/s   00:00:00 (xfer#3, to-check=3/5)
train_beta_grounding.py
          14163 100%   17.32MB/s   00:00:00 (xfer#4, to-check=4/5)
<f+++++++ compare_balancing.py
<f+++++++ parse_gat_metrics.py
<f+++++++ test_learnable_beta.py
<f+++++++ train_beta_grounding.py
Number of files: 5
Number of files transferred: 4
Total file size: 55947 B
Total transferred file size: 47497 B
Unmatched data: 47497 B
Matched data: 0 B
File list size: 263 B
File list generation time: 0.002 seconds
File list transfer time: 0.004 seconds
Total sent: 13910 B
Total received: 108 B

sent 13910 bytes  received 108 bytes  177k bytes/sec
total size is 55947  speedup is 3.99
Number of files: 5
Number of files transferred: 4
Total file size: 55947 B
Total transferred file size: 47497 B
Unmatched data: 47497 B
Matched data: 0 B
File list size: 263 B
File list generation time: 0.002 seconds
File list transfer time: 0.004 seconds
Total sent: 13910 B
Total received: 108 B

sent 13910 bytes  received 108 bytes  177k bytes/sec
total size is 55947  speedup is 3.99

--- Syncing to 20252643@hpc.tue.nl:~/RulE/RulE_original/src/ ---
Number of files: 13
Number of files transferred: 0
Total file size: 125 kB
Total transferred file size: 0 B
Unmatched data: 0 B
Matched data: 0 B
File list size: 584 B
File list generation time: 0.003 seconds
File list transfer time: 0.004 seconds
Total sent: 600 B
Total received: 20 B

sent 600 bytes  received 20 bytes  13449 bytes/sec
total size is 125k  speedup is 202.06
Number of files: 13
Number of files transferred: 0
Total file size: 125 kB
Total transferred file size: 0 B
Unmatched data: 0 B
Matched data: 0 B
File list size: 584 B
File list generation time: 0.003 seconds
File list transfer time: 0.004 seconds
Total sent: 600 B
Total received: 20 B

sent 600 bytes  received 20 bytes  13449 bytes/sec
total size is 125k  speedup is 202.06

--- Syncing to 20252643@hpc.tue.nl:~/RulE/data/family/ ---
Number of files: 7
Number of files transferred: 0
Total file size: 488 kB
Total transferred file size: 0 B
Unmatched data: 0 B
Matched data: 0 B
File list size: 280 B
File list generation time: 0.002 seconds
File list transfer time: 0.003 seconds
Total sent: 296 B
Total received: 20 B

sent 296 bytes  received 20 bytes  8517 bytes/sec
total size is 488k  speedup is 1544.52
Number of files: 7
Number of files transferred: 0
Total file size: 488 kB
Total transferred file size: 0 B
Unmatched data: 0 B
Matched data: 0 B
File list size: 280 B
File list generation time: 0.002 seconds
File list transfer time: 0.003 seconds
Total sent: 296 B
Total received: 20 B

sent 296 bytes  received 20 bytes  8517 bytes/sec
total size is 488k  speedup is 1544.52

--- Syncing to 20252643@hpc.tue.nl:~/RulE/config/ ---
Number of files: 2
Number of files transferred: 0
Total file size: 1912 B
Total transferred file size: 0 B
Unmatched data: 0 B
Matched data: 0 B
File list size: 130 B
File list generation time: 0.003 seconds
File list transfer time: 0.004 seconds
Total sent: 146 B
Total received: 20 B

sent 146 bytes  received 20 bytes  5704 bytes/sec
total size is 1912  speedup is 11.52
Number of files: 2
Number of files transferred: 0
Total file size: 1912 B
Total transferred file size: 0 B
Unmatched data: 0 B
Matched data: 0 B
File list size: 130 B
File list generation time: 0.003 seconds
File list transfer time: 0.004 seconds
Total sent: 146 B
Total received: 20 B

sent 146 bytes  received 20 bytes  5704 bytes/sec
total size is 1912  speedup is 11.52

--- Syncing to 20252643@hpc.tue.nl:~/ ---
Number of files: 4
Number of files transferred: 0
Total file size: 16486 B
Total transferred file size: 0 B
Unmatched data: 0 B
Matched data: 0 B
File list size: 225 B
File list generation time: 0.003 seconds
File list transfer time: 0.003 seconds
Total sent: 241 B
Total received: 20 B

sent 241 bytes  received 20 bytes  9288 bytes/sec
total size is 16486  speedup is 63.16
Number of files: 4
Number of files transferred: 0
Total file size: 16486 B
Total transferred file size: 0 B
Unmatched data: 0 B
Matched data: 0 B
File list size: 225 B
File list generation time: 0.003 seconds
File list transfer time: 0.003 seconds
Total sent: 241 B
Total received: 20 B

sent 241 bytes  received 20 bytes  9288 bytes/sec
total size is 16486  speedup is 63.16

========================================
Result       : Transfer completed successfully
Sync ended   : 2026-04-06 19:14:35
========================================

========================================
Sync started : 2026-04-06 19:56:38
Destination  : 20252643@hpc.tue.nl:~/RulE
Mode         : LIVE
========================================

--- Syncing to 20252643@hpc.tue.nl:~/RulE/src/ ---
Number of files: 6
Number of files transferred: 0
Total file size: 94856 B
Total transferred file size: 0 B
Unmatched data: 0 B
Matched data: 0 B
File list size: 235 B
File list generation time: 0.002 seconds
File list transfer time: 0.004 seconds
Total sent: 251 B
Total received: 20 B

sent 251 bytes  received 20 bytes  6930 bytes/sec
total size is 94856  speedup is 350.02
Number of files: 6
Number of files transferred: 0
Total file size: 94856 B
Total transferred file size: 0 B
Unmatched data: 0 B
Matched data: 0 B
File list size: 235 B
File list generation time: 0.002 seconds
File list transfer time: 0.004 seconds
Total sent: 251 B
Total received: 20 B

sent 251 bytes  received 20 bytes  6930 bytes/sec
total size is 94856  speedup is 350.02

--- Syncing to 20252643@hpc.tue.nl:~/RulE/scripts/ ---
compare_balancing.py
          12645 100%    7.21MB/s   00:00:00 (xfer#1, to-check=0/5)
test_learnable_beta.py
           8276 100% 1019.81KB/s   00:00:00 (xfer#2, to-check=3/5)
train_beta_grounding.py
          14247 100%   11.17MB/s   00:00:00 (xfer#3, to-check=4/5)
<f.st.... compare_balancing.py
<f.st.... test_learnable_beta.py
<f.st.... train_beta_grounding.py
Number of files: 5
Number of files transferred: 3
Total file size: 56188 B
Total transferred file size: 35168 B
Unmatched data: 2341 B
Matched data: 32827 B
File list size: 263 B
File list generation time: 0.003 seconds
File list transfer time: 0.004 seconds
Total sent: 1845 B
Total received: 392 B

sent 1845 bytes  received 392 bytes  27583 bytes/sec
total size is 56188  speedup is 25.12
Number of files: 5
Number of files transferred: 3
Total file size: 56188 B
Total transferred file size: 35168 B
Unmatched data: 2341 B
Matched data: 32827 B
File list size: 263 B
File list generation time: 0.003 seconds
File list transfer time: 0.004 seconds
Total sent: 1845 B
Total received: 392 B

sent 1845 bytes  received 392 bytes  27583 bytes/sec
total size is 56188  speedup is 25.12

--- Syncing to 20252643@hpc.tue.nl:~/RulE/RulE_original/src/ ---
Number of files: 13
Number of files transferred: 0
Total file size: 125 kB
Total transferred file size: 0 B
Unmatched data: 0 B
Matched data: 0 B
File list size: 584 B
File list generation time: 0.004 seconds
File list transfer time: 0.004 seconds
Total sent: 600 B
Total received: 20 B

sent 600 bytes  received 20 bytes  18181 bytes/sec
total size is 125k  speedup is 202.06
Number of files: 13
Number of files transferred: 0
Total file size: 125 kB
Total transferred file size: 0 B
Unmatched data: 0 B
Matched data: 0 B
File list size: 584 B
File list generation time: 0.004 seconds
File list transfer time: 0.004 seconds
Total sent: 600 B
Total received: 20 B

sent 600 bytes  received 20 bytes  18181 bytes/sec
total size is 125k  speedup is 202.06

--- Syncing to 20252643@hpc.tue.nl:~/RulE/data/family/ ---
Number of files: 7
Number of files transferred: 0
Total file size: 488 kB
Total transferred file size: 0 B
Unmatched data: 0 B
Matched data: 0 B
File list size: 280 B
File list generation time: 0.002 seconds
File list transfer time: 0.004 seconds
Total sent: 296 B
Total received: 20 B

sent 296 bytes  received 20 bytes  9844 bytes/sec
total size is 488k  speedup is 1544.52
Number of files: 7
Number of files transferred: 0
Total file size: 488 kB
Total transferred file size: 0 B
Unmatched data: 0 B
Matched data: 0 B
File list size: 280 B
File list generation time: 0.002 seconds
File list transfer time: 0.004 seconds
Total sent: 296 B
Total received: 20 B

sent 296 bytes  received 20 bytes  9844 bytes/sec
total size is 488k  speedup is 1544.52

--- Syncing to 20252643@hpc.tue.nl:~/RulE/config/ ---
Number of files: 2
Number of files transferred: 0
Total file size: 1912 B
Total transferred file size: 0 B
Unmatched data: 0 B
Matched data: 0 B
File list size: 130 B
File list generation time: 0.003 seconds
File list transfer time: 0.003 seconds
Total sent: 146 B
Total received: 20 B

sent 146 bytes  received 20 bytes  6125 bytes/sec
total size is 1912  speedup is 11.52
Number of files: 2
Number of files transferred: 0
Total file size: 1912 B
Total transferred file size: 0 B
Unmatched data: 0 B
Matched data: 0 B
File list size: 130 B
File list generation time: 0.003 seconds
File list transfer time: 0.003 seconds
Total sent: 146 B
Total received: 20 B

sent 146 bytes  received 20 bytes  6125 bytes/sec
total size is 1912  speedup is 11.52

--- Syncing to 20252643@hpc.tue.nl:~/ ---
Number of files: 4
Number of files transferred: 0
Total file size: 16486 B
Total transferred file size: 0 B
Unmatched data: 0 B
Matched data: 0 B
File list size: 225 B
File list generation time: 0.003 seconds
File list transfer time: 0.005 seconds
Total sent: 241 B
Total received: 20 B

sent 241 bytes  received 20 bytes  10000 bytes/sec
total size is 16486  speedup is 63.16
Number of files: 4
Number of files transferred: 0
Total file size: 16486 B
Total transferred file size: 0 B
Unmatched data: 0 B
Matched data: 0 B
File list size: 225 B
File list generation time: 0.003 seconds
File list transfer time: 0.005 seconds
Total sent: 241 B
Total received: 20 B

sent 241 bytes  received 20 bytes  10000 bytes/sec
total size is 16486  speedup is 63.16

========================================
Result       : Transfer completed successfully
Sync ended   : 2026-04-06 19:56:40
========================================

